img_id,gt_level,gt_level_binary,pred,confidence,human_diag_binary,human_confidence,reaction_time,task,user,human_correct,model_correct,participant,role,exp
9423_right.png,1,1,0,0.6195,1,2.0,12361.0,3,Anne,True,False,anne,Clin.,5
8158_left.png,2,1,0,0.6358,1,4.0,8632.0,3,Anne,True,False,anne,Clin.,5
7828_right.png,0,0,0,0.6211,0,4.0,8212.0,3,Anne,True,True,anne,Clin.,5
6974_left.png,1,1,0,0.5338,0,3.0,15372.0,3,Anne,False,False,anne,Clin.,5
6678_left.png,0,0,0,0.6623,0,5.0,6778.0,3,Anne,True,True,anne,Clin.,5
5994_left.png,1,1,1,0.7353,1,5.0,5451.0,3,Anne,True,True,anne,Clin.,5
5966_left.png,0,0,0,0.6046,0,5.0,7301.0,3,Anne,True,True,anne,Clin.,5
5383_left.png,1,1,1,0.7058,1,3.0,9571.0,3,Anne,True,True,anne,Clin.,5
44202_left.png,0,0,0,0.5579,0,4.0,3914.0,3,Anne,True,True,anne,Clin.,5
43539_left.png,2,1,1,0.7572,1,3.0,6826.0,3,Anne,True,True,anne,Clin.,5
42873_left.png,1,1,1,0.5378,0,3.0,19314.0,3,Anne,False,True,anne,Clin.,5
42653_right.png,1,1,1,0.72,1,4.0,6851.0,3,Anne,True,True,anne,Clin.,5
42359_right.png,2,1,0,0.5379,1,4.0,3972.0,3,Anne,True,False,anne,Clin.,5
42359_left.png,2,1,1,0.5264,1,2.0,12990.0,3,Anne,True,True,anne,Clin.,5
42349_right.png,2,1,1,0.8125,1,5.0,3469.0,3,Anne,True,True,anne,Clin.,5
39925_right.png,1,1,1,0.5555,1,3.0,6758.0,3,Anne,True,True,anne,Clin.,5
38850_left.png,2,1,0,0.5975,0,4.0,4881.0,3,Anne,False,False,anne,Clin.,5
37658_left.png,0,0,0,0.756,0,5.0,7310.0,3,Anne,True,True,anne,Clin.,5
36591_right.png,0,0,0,0.6609,0,5.0,4192.0,3,Anne,True,True,anne,Clin.,5
36280_right.png,1,1,1,0.6044,1,3.0,11273.0,3,Anne,True,True,anne,Clin.,5
36121_right.png,1,1,1,0.5192,1,3.0,3859.0,3,Anne,True,True,anne,Clin.,5
34405_right.png,2,1,0,0.5582,0,3.0,27627.0,3,Anne,False,False,anne,Clin.,5
3363_right.png,2,1,1,0.5603,0,,14860.0,3,Anne,False,True,anne,Clin.,5
30221_left.png,1,1,1,0.5759,1,3.0,3720.0,3,Anne,True,True,anne,Clin.,5
30086_right.png,0,0,0,0.7292,0,5.0,5349.0,3,Anne,True,True,anne,Clin.,5
30032_left.png,0,0,1,0.5287,1,3.0,7262.0,3,Anne,False,False,anne,Clin.,5
29367_left.png,1,1,1,0.5351,1,3.0,5760.0,3,Anne,True,True,anne,Clin.,5
28785_right.png,0,0,1,0.6174,1,3.0,5631.0,3,Anne,False,False,anne,Clin.,5
26841_left.png,2,1,1,0.9617,1,5.0,3355.0,3,Anne,True,True,anne,Clin.,5
26499_right.png,0,0,0,0.5421,0,4.0,6342.0,3,Anne,True,True,anne,Clin.,5
26483_left.png,2,1,1,0.5713,1,3.0,8942.0,3,Anne,True,True,anne,Clin.,5
25744_left.png,0,0,0,0.7611,0,4.0,4153.0,3,Anne,True,True,anne,Clin.,5
25741_left.png,2,1,1,0.9505,1,5.0,3049.0,3,Anne,True,True,anne,Clin.,5
2477_left.png,0,0,0,0.6038,0,4.0,7390.0,3,Anne,True,True,anne,Clin.,5
24547_right.png,1,1,1,0.5586,1,3.0,6426.0,3,Anne,True,True,anne,Clin.,5
236_right.png,0,0,1,0.5766,0,3.0,12354.0,3,Anne,True,False,anne,Clin.,5
23333_left.png,1,1,0,0.6039,0,4.0,8142.0,3,Anne,False,False,anne,Clin.,5
22954_left.png,2,1,1,0.936,1,5.0,3641.0,3,Anne,True,True,anne,Clin.,5
22685_right.png,2,1,1,0.8413,1,5.0,4259.0,3,Anne,True,True,anne,Clin.,5
22371_right.png,0,0,0,0.725,0,4.0,6040.0,3,Anne,True,True,anne,Clin.,5
21666_left.png,2,1,0,0.54,1,2.0,26783.0,3,Anne,True,False,anne,Clin.,5
21491_left.png,0,0,0,0.7083,0,4.0,7839.0,3,Anne,True,True,anne,Clin.,5
20489_left.png,0,0,1,0.5809,1,3.0,9013.0,3,Anne,False,False,anne,Clin.,5
20361_left.png,2,1,1,0.6111,1,4.0,4341.0,3,Anne,True,True,anne,Clin.,5
19774_left.png,1,1,1,0.8802,1,5.0,6151.0,3,Anne,True,True,anne,Clin.,5
19755_left.png,1,1,0,0.537,0,2.0,29351.0,3,Anne,False,False,anne,Clin.,5
18727_right.png,1,1,1,0.5616,1,2.0,11625.0,3,Anne,True,True,anne,Clin.,5
17293_right.png,0,0,1,0.5151,0,2.0,35475.0,3,Anne,True,False,anne,Clin.,5
171_left.png,0,0,0,0.6035,0,5.0,9142.0,3,Anne,True,True,anne,Clin.,5
17030_right.png,1,1,1,0.5218,1,3.0,15250.0,3,Anne,True,True,anne,Clin.,5
16881_left.png,2,1,1,0.8047,1,5.0,5844.0,3,Anne,True,True,anne,Clin.,5
16582_right.png,2,1,1,0.7927,1,5.0,7738.0,3,Anne,True,True,anne,Clin.,5
16501_right.png,0,0,0,0.6066,0,4.0,9424.0,3,Anne,True,True,anne,Clin.,5
157_right.png,0,0,0,0.7107,0,2.0,23704.0,3,Anne,True,True,anne,Clin.,5
15523_left.png,2,1,1,0.8579,1,5.0,4532.0,3,Anne,True,True,anne,Clin.,5
14309_left.png,2,1,1,0.9676,1,5.0,4200.0,3,Anne,True,True,anne,Clin.,5
13926_left.png,1,1,1,0.6745,1,2.0,30447.0,3,Anne,True,True,anne,Clin.,5
12078_left.png,1,1,0,0.6336,0,2.0,31598.0,3,Anne,False,False,anne,Clin.,5
11167_right.png,1,1,1,0.9108,1,5.0,10115.0,3,Anne,True,True,anne,Clin.,5
1034_left.png,2,1,1,0.6058,1,4.0,8793.0,3,Anne,True,True,anne,Clin.,5
9456_right.png,1,1,1,0.7024,1,5.0,7098.0,2,Anne,True,True,anne,Clin.,5
8810_left.png,0,0,1,0.5399,1,3.0,18151.0,2,Anne,False,False,anne,Clin.,5
7513_left.png,1,1,1,0.7175,1,3.0,10724.0,2,Anne,True,True,anne,Clin.,5
7091_left.png,0,0,0,0.5908,0,3.0,10877.0,2,Anne,True,True,anne,Clin.,5
5559_right.png,1,1,1,0.5338,0,3.0,12150.0,2,Anne,False,True,anne,Clin.,5
5125_right.png,1,1,0,0.6514,0,5.0,5761.0,2,Anne,False,False,anne,Clin.,5
5114_right.png,1,1,1,0.6821,1,4.0,7296.0,2,Anne,True,True,anne,Clin.,5
5059_left.png,0,0,1,0.5319,1,4.0,3986.0,2,Anne,False,False,anne,Clin.,5
4784_right.png,0,0,0,0.6465,0,5.0,8182.0,2,Anne,True,True,anne,Clin.,5
4507_left.png,0,0,0,0.6369,0,3.0,16175.0,2,Anne,True,True,anne,Clin.,5
42732_left.png,2,1,1,0.7583,1,3.0,8397.0,2,Anne,True,True,anne,Clin.,5
42678_left.png,2,1,0,0.6175,0,4.0,6445.0,2,Anne,False,False,anne,Clin.,5
41725_left.png,2,1,1,0.5293,1,3.0,8581.0,2,Anne,True,True,anne,Clin.,5
41514_left.png,2,1,1,0.7439,1,5.0,6038.0,2,Anne,True,True,anne,Clin.,5
40138_right.png,2,1,1,0.9107,1,5.0,5734.0,2,Anne,True,True,anne,Clin.,5
38850_right.png,2,1,0,0.5327,0,4.0,6992.0,2,Anne,False,False,anne,Clin.,5
37493_right.png,2,1,1,0.8242,1,5.0,5092.0,2,Anne,True,True,anne,Clin.,5
37084_left.png,2,1,1,0.7335,1,4.0,10760.0,2,Anne,True,True,anne,Clin.,5
3666_left.png,2,1,1,0.9078,1,5.0,4061.0,2,Anne,True,True,anne,Clin.,5
3655_right.png,0,0,0,0.5499,0,5.0,4408.0,2,Anne,True,True,anne,Clin.,5
36121_left.png,1,1,0,0.5458,0,4.0,10289.0,2,Anne,False,False,anne,Clin.,5
35755_right.png,2,1,0,0.5972,1,3.0,30566.0,2,Anne,True,False,anne,Clin.,5
3567_left.png,0,0,0,0.7144,0,4.0,4899.0,2,Anne,True,True,anne,Clin.,5
35047_right.png,1,1,1,0.638,1,4.0,8245.0,2,Anne,True,True,anne,Clin.,5
32509_right.png,2,1,1,0.5907,1,3.0,6506.0,2,Anne,True,True,anne,Clin.,5
32271_right.png,2,1,1,0.7486,1,5.0,3811.0,2,Anne,True,True,anne,Clin.,5
31723_left.png,2,1,0,0.5614,0,2.0,18560.0,2,Anne,False,False,anne,Clin.,5
3161_right.png,0,0,0,0.6625,0,5.0,5649.0,2,Anne,True,True,anne,Clin.,5
3110_right.png,0,0,1,0.6428,1,2.0,12469.0,2,Anne,False,False,anne,Clin.,5
29885_right.png,2,1,1,0.8573,1,5.0,4979.0,2,Anne,True,True,anne,Clin.,5
27969_left.png,1,1,1,0.5127,0,3.0,12882.0,2,Anne,False,True,anne,Clin.,5
26878_left.png,2,1,1,0.9131,1,4.0,13361.0,2,Anne,True,True,anne,Clin.,5
26411_right.png,2,1,1,0.6534,1,,4047.0,2,Anne,True,True,anne,Clin.,5
25013_left.png,0,0,0,0.7609,0,4.0,14575.0,2,Anne,True,True,anne,Clin.,5
24655_right.png,1,1,1,0.6041,0,3.0,13322.0,2,Anne,False,True,anne,Clin.,5
23531_right.png,2,1,1,0.5387,1,4.0,7496.0,2,Anne,True,True,anne,Clin.,5
23286_right.png,2,1,1,0.5955,1,4.0,7633.0,2,Anne,True,True,anne,Clin.,5
23286_left.png,1,1,0,0.5136,1,2.0,21742.0,2,Anne,True,False,anne,Clin.,5
228_left.png,0,0,0,0.5479,0,4.0,20215.0,2,Anne,True,True,anne,Clin.,5
19455_left.png,0,0,0,0.6934,0,5.0,7246.0,2,Anne,True,True,anne,Clin.,5
193_right.png,1,1,1,0.6417,1,4.0,6838.0,2,Anne,True,True,anne,Clin.,5
19349_left.png,0,0,0,0.6593,0,4.0,16535.0,2,Anne,True,True,anne,Clin.,5
1836_left.png,0,0,0,0.5939,0,4.0,18947.0,2,Anne,True,True,anne,Clin.,5
17627_right.png,1,1,0,0.7677,0,5.0,5708.0,2,Anne,False,False,anne,Clin.,5
1729_right.png,0,0,0,0.7171,0,5.0,7414.0,2,Anne,True,True,anne,Clin.,5
15695_right.png,1,1,1,0.6715,1,3.0,13274.0,2,Anne,True,True,anne,Clin.,5
1520_right.png,1,1,1,0.7642,1,4.0,8987.0,2,Anne,True,True,anne,Clin.,5
14745_right.png,1,1,1,0.639,0,4.0,11305.0,2,Anne,False,True,anne,Clin.,5
14689_right.png,1,1,1,0.5178,0,4.0,13377.0,2,Anne,False,True,anne,Clin.,5
14086_left.png,0,0,0,0.6984,0,4.0,12379.0,2,Anne,True,True,anne,Clin.,5
13490_right.png,1,1,1,0.7744,1,3.0,10416.0,2,Anne,True,True,anne,Clin.,5
13490_left.png,1,1,0,0.5231,1,3.0,24619.0,2,Anne,True,False,anne,Clin.,5
12358_left.png,0,0,1,0.6017,1,3.0,21306.0,2,Anne,False,False,anne,Clin.,5
12089_right.png,2,1,0,0.559,1,3.0,27231.0,2,Anne,True,False,anne,Clin.,5
1193_right.png,0,0,1,0.5,0,3.0,18783.0,2,Anne,True,False,anne,Clin.,5
11524_right.png,0,0,0,0.5834,0,4.0,35339.0,2,Anne,True,True,anne,Clin.,5
1114_right.png,0,0,0,0.6347,0,4.0,8592.0,2,Anne,True,True,anne,Clin.,5
1107_right.png,2,1,1,0.5485,1,4.0,9356.0,2,Anne,True,True,anne,Clin.,5
10822_left.png,1,1,1,0.504,0,3.0,24921.0,2,Anne,False,True,anne,Clin.,5
1022_right.png,1,1,1,0.7638,1,4.0,22237.0,2,Anne,True,True,anne,Clin.,5
9782_right.png,1,1,1,0.5905,0,2.0,14251.0,1,Anne,False,True,anne,Clin.,5
9427_right.png,2,1,1,0.7691,1,5.0,3726.0,1,Anne,True,True,anne,Clin.,5
907_right.png,2,1,0,0.7619,1,3.0,15636.0,1,Anne,True,False,anne,Clin.,5
8536_right.png,1,1,1,0.7556,1,4.0,4214.0,1,Anne,True,True,anne,Clin.,5
7913_right.png,1,1,1,0.7891,0,3.0,6504.0,1,Anne,False,True,anne,Clin.,5
751_left.png,1,1,0,0.6164,0,5.0,5523.0,1,Anne,False,False,anne,Clin.,5
695_right.png,2,1,1,0.7819,1,4.0,7609.0,1,Anne,True,True,anne,Clin.,5
6200_left.png,2,1,1,0.9085,1,5.0,4547.0,1,Anne,True,True,anne,Clin.,5
588_left.png,1,1,0,0.5674,0,3.0,8002.0,1,Anne,False,False,anne,Clin.,5
5735_left.png,0,0,0,0.5466,0,3.0,7625.0,1,Anne,True,True,anne,Clin.,5
490_right.png,1,1,1,0.6007,0,5.0,5220.0,1,Anne,False,True,anne,Clin.,5
4518_right.png,0,0,0,0.5253,1,4.0,9852.0,1,Anne,False,True,anne,Clin.,5
4439_left.png,0,0,0,0.5915,0,4.0,12614.0,1,Anne,True,True,anne,Clin.,5
43033_right.png,0,0,1,0.5835,1,3.0,6386.0,1,Anne,False,False,anne,Clin.,5
42653_left.png,0,0,0,0.5617,0,5.0,7630.0,1,Anne,True,True,anne,Clin.,5
38852_left.png,0,0,1,0.6607,1,4.0,8051.0,1,Anne,False,False,anne,Clin.,5
3322_left.png,2,1,1,0.5282,1,3.0,7761.0,1,Anne,True,True,anne,Clin.,5
33225_right.png,2,1,0,0.5282,1,3.0,9679.0,1,Anne,True,False,anne,Clin.,5
32874_right.png,0,0,0,0.7244,1,2.0,34124.0,1,Anne,False,True,anne,Clin.,5
31537_right.png,0,0,1,0.5534,1,5.0,5239.0,1,Anne,False,False,anne,Clin.,5
29_right.png,0,0,0,0.5976,0,5.0,4423.0,1,Anne,True,True,anne,Clin.,5
29105_right.png,2,1,0,0.67,0,2.0,11862.0,1,Anne,False,False,anne,Clin.,5
28439_left.png,2,1,0,0.5766,0,2.0,17117.0,1,Anne,False,False,anne,Clin.,5
240_right.png,1,1,0,0.6339,0,4.0,9780.0,1,Anne,False,False,anne,Clin.,5
23999_right.png,0,0,0,0.6713,1,4.0,20284.0,1,Anne,False,True,anne,Clin.,5
23304_right.png,1,1,1,0.5328,0,3.0,8741.0,1,Anne,False,True,anne,Clin.,5
22009_left.png,1,1,1,0.5804,1,3.0,9999.0,1,Anne,True,True,anne,Clin.,5
21735_left.png,2,1,1,0.7263,1,5.0,3684.0,1,Anne,True,True,anne,Clin.,5
21523_right.png,0,0,0,0.6095,1,5.0,9949.0,1,Anne,False,True,anne,Clin.,5
21379_right.png,2,1,1,0.5365,1,5.0,4963.0,1,Anne,True,True,anne,Clin.,5
20430_right.png,1,1,1,0.6892,1,3.0,8001.0,1,Anne,True,True,anne,Clin.,5
20399_left.png,1,1,1,0.5528,0,3.0,7065.0,1,Anne,False,True,anne,Clin.,5
20352_right.png,2,1,1,0.7818,1,5.0,3736.0,1,Anne,True,True,anne,Clin.,5
19949_left.png,2,1,1,0.8744,1,4.0,5557.0,1,Anne,True,True,anne,Clin.,5
19081_right.png,0,0,0,0.6445,0,3.0,18563.0,1,Anne,True,True,anne,Clin.,5
18755_right.png,2,1,1,0.7051,1,3.0,9375.0,1,Anne,True,True,anne,Clin.,5
18182_left.png,0,0,0,0.7277,0,3.0,16314.0,1,Anne,True,True,anne,Clin.,5
18172_left.png,0,0,1,0.6446,0,3.0,19014.0,1,Anne,True,False,anne,Clin.,5
17293_left.png,0,0,1,0.5888,0,3.0,7724.0,1,Anne,True,False,anne,Clin.,5
17058_right.png,1,1,1,0.5134,1,4.0,6617.0,1,Anne,True,True,anne,Clin.,5
16956_right.png,0,0,0,0.6033,0,5.0,6911.0,1,Anne,True,True,anne,Clin.,5
16941_left.png,1,1,1,0.5497,1,5.0,4155.0,1,Anne,True,True,anne,Clin.,5
16582_left.png,2,1,1,0.689,1,5.0,11237.0,1,Anne,True,True,anne,Clin.,5
15883_right.png,2,1,1,0.7274,1,4.0,7484.0,1,Anne,True,True,anne,Clin.,5
1578_right.png,2,1,1,0.6254,1,4.0,14559.0,1,Anne,True,True,anne,Clin.,5
1556_right.png,1,1,0,0.7238,0,5.0,8947.0,1,Anne,False,False,anne,Clin.,5
15390_right.png,2,1,1,0.5549,0,3.0,23927.0,1,Anne,False,True,anne,Clin.,5
1469_left.png,2,1,1,0.8485,1,4.0,9602.0,1,Anne,True,True,anne,Clin.,5
14418_left.png,0,0,0,0.5842,1,3.0,28634.0,1,Anne,False,True,anne,Clin.,5
14231_right.png,0,0,0,0.5319,0,4.0,15504.0,1,Anne,True,True,anne,Clin.,5
1369_right.png,1,1,1,0.5242,1,3.0,16261.0,1,Anne,True,True,anne,Clin.,5
13643_right.png,1,1,1,0.6331,1,3.0,13657.0,1,Anne,True,True,anne,Clin.,5
12480_right.png,2,1,1,0.63,0,3.0,21891.0,1,Anne,False,True,anne,Clin.,5
12241_left.png,1,1,0,0.613,0,4.0,12117.0,1,Anne,False,False,anne,Clin.,5
12128_right.png,0,0,0,0.6769,1,4.0,14695.0,1,Anne,False,True,anne,Clin.,5
11322_right.png,1,1,1,0.5762,1,3.0,19063.0,1,Anne,True,True,anne,Clin.,5
10812_left.png,1,1,1,0.7033,1,5.0,15939.0,1,Anne,True,True,anne,Clin.,5
10618_left.png,0,0,0,0.665,0,5.0,14612.0,1,Anne,True,True,anne,Clin.,5
1034_right.png,2,1,0,0.5214,0,5.0,42095.0,1,Anne,False,False,anne,Clin.,5
10232_right.png,1,1,1,0.5973,0,4.0,25071.0,1,Anne,False,True,anne,Clin.,5
9423_right.png,1,1,0,0.6195,1,5.0,6699.0,3,brown_sloth,True,False,laura,Clin.,9
8158_left.png,2,1,0,0.6358,0,4.0,32233.0,3,brown_sloth,False,False,laura,Clin.,9
7828_right.png,0,0,0,0.6211,0,5.0,10092.0,3,brown_sloth,True,True,laura,Clin.,9
6974_left.png,1,1,0,0.5338,0,5.0,13876.0,3,brown_sloth,False,False,laura,Clin.,9
6678_left.png,0,0,0,0.6623,0,5.0,15628.0,3,brown_sloth,True,True,laura,Clin.,9
5994_left.png,1,1,1,0.7353,1,5.0,8536.0,3,brown_sloth,True,True,laura,Clin.,9
5966_left.png,0,0,0,0.6046,0,5.0,10242.0,3,brown_sloth,True,True,laura,Clin.,9
5383_left.png,1,1,1,0.7058,1,5.0,6636.0,3,brown_sloth,True,True,laura,Clin.,9
44202_left.png,0,0,0,0.5579,0,5.0,11225.0,3,brown_sloth,True,True,laura,Clin.,9
43539_left.png,2,1,1,0.7572,1,5.0,8925.0,3,brown_sloth,True,True,laura,Clin.,9
42873_left.png,1,1,1,0.5378,1,4.0,18323.0,3,brown_sloth,True,True,laura,Clin.,9
42653_right.png,1,1,1,0.72,1,5.0,7890.0,3,brown_sloth,True,True,laura,Clin.,9
42359_right.png,2,1,0,0.5379,1,4.0,14055.0,3,brown_sloth,True,False,laura,Clin.,9
42359_left.png,2,1,1,0.5264,1,4.0,11390.0,3,brown_sloth,True,True,laura,Clin.,9
42349_right.png,2,1,1,0.8125,1,5.0,8812.0,3,brown_sloth,True,True,laura,Clin.,9
39925_right.png,1,1,1,0.5555,1,5.0,5163.0,3,brown_sloth,True,True,laura,Clin.,9
38850_left.png,2,1,0,0.5975,0,5.0,13254.0,3,brown_sloth,False,False,laura,Clin.,9
37658_left.png,0,0,0,0.756,0,4.0,16502.0,3,brown_sloth,True,True,laura,Clin.,9
36591_right.png,0,0,0,0.6609,1,3.0,21844.0,3,brown_sloth,False,True,laura,Clin.,9
36280_right.png,1,1,1,0.6044,1,5.0,21867.0,3,brown_sloth,True,True,laura,Clin.,9
36121_right.png,1,1,1,0.5192,1,5.0,13103.0,3,brown_sloth,True,True,laura,Clin.,9
34405_right.png,2,1,0,0.5582,1,3.0,14764.0,3,brown_sloth,True,False,laura,Clin.,9
3363_right.png,2,1,1,0.5603,1,3.0,30976.0,3,brown_sloth,True,True,laura,Clin.,9
30221_left.png,1,1,1,0.5759,1,5.0,6805.0,3,brown_sloth,True,True,laura,Clin.,9
30086_right.png,0,0,0,0.7292,0,4.0,13933.0,3,brown_sloth,True,True,laura,Clin.,9
30032_left.png,0,0,1,0.5287,1,4.0,12970.0,3,brown_sloth,False,False,laura,Clin.,9
29367_left.png,1,1,1,0.5351,1,5.0,9389.0,3,brown_sloth,True,True,laura,Clin.,9
28785_right.png,0,0,1,0.6174,1,5.0,8440.0,3,brown_sloth,False,False,laura,Clin.,9
26841_left.png,2,1,1,0.9617,1,5.0,5909.0,3,brown_sloth,True,True,laura,Clin.,9
26499_right.png,0,0,0,0.5421,0,5.0,10060.0,3,brown_sloth,True,True,laura,Clin.,9
26483_left.png,2,1,1,0.5713,1,5.0,11785.0,3,brown_sloth,True,True,laura,Clin.,9
25744_left.png,0,0,0,0.7611,0,4.0,19478.0,3,brown_sloth,True,True,laura,Clin.,9
25741_left.png,2,1,1,0.9505,1,5.0,4364.0,3,brown_sloth,True,True,laura,Clin.,9
2477_left.png,0,0,0,0.6038,0,4.0,31748.0,3,brown_sloth,True,True,laura,Clin.,9
24547_right.png,1,1,1,0.5586,1,4.0,12398.0,3,brown_sloth,True,True,laura,Clin.,9
236_right.png,0,0,1,0.5766,1,3.0,18474.0,3,brown_sloth,False,False,laura,Clin.,9
23333_left.png,1,1,0,0.6039,1,4.0,18374.0,3,brown_sloth,True,False,laura,Clin.,9
22954_left.png,2,1,1,0.936,1,5.0,4827.0,3,brown_sloth,True,True,laura,Clin.,9
22685_right.png,2,1,1,0.8413,1,5.0,5496.0,3,brown_sloth,True,True,laura,Clin.,9
22371_right.png,0,0,0,0.725,0,5.0,7639.0,3,brown_sloth,True,True,laura,Clin.,9
21666_left.png,2,1,0,0.54,1,5.0,8006.0,3,brown_sloth,True,False,laura,Clin.,9
21491_left.png,0,0,0,0.7083,0,5.0,9126.0,3,brown_sloth,True,True,laura,Clin.,9
20489_left.png,0,0,1,0.5809,1,4.0,10771.0,3,brown_sloth,False,False,laura,Clin.,9
20361_left.png,2,1,1,0.6111,1,5.0,7122.0,3,brown_sloth,True,True,laura,Clin.,9
19774_left.png,1,1,1,0.8802,1,5.0,8251.0,3,brown_sloth,True,True,laura,Clin.,9
19755_left.png,1,1,0,0.537,1,5.0,7541.0,3,brown_sloth,True,False,laura,Clin.,9
18727_right.png,1,1,1,0.5616,1,5.0,29413.0,3,brown_sloth,True,True,laura,Clin.,9
17293_right.png,0,0,1,0.5151,1,3.0,16315.0,3,brown_sloth,False,False,laura,Clin.,9
171_left.png,0,0,0,0.6035,0,4.0,23214.0,3,brown_sloth,True,True,laura,Clin.,9
17030_right.png,1,1,1,0.5218,1,5.0,5960.0,3,brown_sloth,True,True,laura,Clin.,9
16881_left.png,2,1,1,0.8047,1,5.0,5797.0,3,brown_sloth,True,True,laura,Clin.,9
16582_right.png,2,1,1,0.7927,1,5.0,13719.0,3,brown_sloth,True,True,laura,Clin.,9
16501_right.png,0,0,0,0.6066,0,5.0,8954.0,3,brown_sloth,True,True,laura,Clin.,9
157_right.png,0,0,0,0.7107,0,3.0,22944.0,3,brown_sloth,True,True,laura,Clin.,9
15523_left.png,2,1,1,0.8579,1,5.0,6528.0,3,brown_sloth,True,True,laura,Clin.,9
14309_left.png,2,1,1,0.9676,1,5.0,6081.0,3,brown_sloth,True,True,laura,Clin.,9
13926_left.png,1,1,1,0.6745,1,4.0,14496.0,3,brown_sloth,True,True,laura,Clin.,9
12078_left.png,1,1,0,0.6336,0,4.0,14559.0,3,brown_sloth,False,False,laura,Clin.,9
11167_right.png,1,1,1,0.9108,1,5.0,7316.0,3,brown_sloth,True,True,laura,Clin.,9
1034_left.png,2,1,1,0.6058,1,5.0,8113.0,3,brown_sloth,True,True,laura,Clin.,9
9456_right.png,1,1,1,0.7024,1,5.0,8320.0,2,brown_sloth,True,True,laura,Clin.,9
8810_left.png,0,0,1,0.5399,1,5.0,7145.0,2,brown_sloth,False,False,laura,Clin.,9
7513_left.png,1,1,1,0.7175,1,5.0,13706.0,2,brown_sloth,True,True,laura,Clin.,9
7091_left.png,0,0,0,0.5908,0,5.0,19389.0,2,brown_sloth,True,True,laura,Clin.,9
5559_right.png,1,1,1,0.5338,1,4.0,304613.0,2,brown_sloth,True,True,laura,Clin.,9
5125_right.png,1,1,0,0.6514,0,4.0,19890.0,2,brown_sloth,False,False,laura,Clin.,9
5114_right.png,1,1,1,0.6821,1,5.0,12795.0,2,brown_sloth,True,True,laura,Clin.,9
5059_left.png,0,0,1,0.5319,1,5.0,9537.0,2,brown_sloth,False,False,laura,Clin.,9
4784_right.png,0,0,0,0.6465,0,5.0,10285.0,2,brown_sloth,True,True,laura,Clin.,9
4507_left.png,0,0,0,0.6369,1,3.0,28923.0,2,brown_sloth,False,True,laura,Clin.,9
42732_left.png,2,1,1,0.7583,1,5.0,10781.0,2,brown_sloth,True,True,laura,Clin.,9
42678_left.png,2,1,0,0.6175,0,3.0,21470.0,2,brown_sloth,False,False,laura,Clin.,9
41725_left.png,2,1,1,0.5293,1,5.0,10051.0,2,brown_sloth,True,True,laura,Clin.,9
41514_left.png,2,1,1,0.7439,1,5.0,7675.0,2,brown_sloth,True,True,laura,Clin.,9
40138_right.png,2,1,1,0.9107,1,5.0,8750.0,2,brown_sloth,True,True,laura,Clin.,9
38850_right.png,2,1,0,0.5327,0,4.0,17977.0,2,brown_sloth,False,False,laura,Clin.,9
37493_right.png,2,1,1,0.8242,1,5.0,18577.0,2,brown_sloth,True,True,laura,Clin.,9
37084_left.png,2,1,1,0.7335,1,5.0,7169.0,2,brown_sloth,True,True,laura,Clin.,9
3666_left.png,2,1,1,0.9078,1,5.0,7074.0,2,brown_sloth,True,True,laura,Clin.,9
3655_right.png,0,0,0,0.5499,0,4.0,18310.0,2,brown_sloth,True,True,laura,Clin.,9
36121_left.png,1,1,0,0.5458,1,4.0,15299.0,2,brown_sloth,True,False,laura,Clin.,9
35755_right.png,2,1,0,0.5972,1,5.0,14269.0,2,brown_sloth,True,False,laura,Clin.,9
3567_left.png,0,0,0,0.7144,0,4.0,11818.0,2,brown_sloth,True,True,laura,Clin.,9
35047_right.png,1,1,1,0.638,1,5.0,13491.0,2,brown_sloth,True,True,laura,Clin.,9
32509_right.png,2,1,1,0.5907,1,5.0,9470.0,2,brown_sloth,True,True,laura,Clin.,9
32271_right.png,2,1,1,0.7486,1,5.0,8134.0,2,brown_sloth,True,True,laura,Clin.,9
31723_left.png,2,1,0,0.5614,1,3.0,21309.0,2,brown_sloth,True,False,laura,Clin.,9
3161_right.png,0,0,0,0.6625,0,4.0,16560.0,2,brown_sloth,True,True,laura,Clin.,9
3110_right.png,0,0,1,0.6428,1,4.0,23329.0,2,brown_sloth,False,False,laura,Clin.,9
29885_right.png,2,1,1,0.8573,1,5.0,7520.0,2,brown_sloth,True,True,laura,Clin.,9
27969_left.png,1,1,1,0.5127,1,4.0,30719.0,2,brown_sloth,True,True,laura,Clin.,9
26878_left.png,2,1,1,0.9131,1,5.0,8871.0,2,brown_sloth,True,True,laura,Clin.,9
26411_right.png,2,1,1,0.6534,1,5.0,42590.0,2,brown_sloth,True,True,laura,Clin.,9
25013_left.png,0,0,0,0.7609,0,3.0,44061.0,2,brown_sloth,True,True,laura,Clin.,9
24655_right.png,1,1,1,0.6041,1,5.0,10039.0,2,brown_sloth,True,True,laura,Clin.,9
23531_right.png,2,1,1,0.5387,1,5.0,30204.0,2,brown_sloth,True,True,laura,Clin.,9
23286_right.png,2,1,1,0.5955,1,5.0,12289.0,2,brown_sloth,True,True,laura,Clin.,9
23286_left.png,1,1,0,0.5136,1,4.0,9218.0,2,brown_sloth,True,False,laura,Clin.,9
228_left.png,0,0,0,0.5479,0,5.0,19133.0,2,brown_sloth,True,True,laura,Clin.,9
19455_left.png,0,0,0,0.6934,0,5.0,20470.0,2,brown_sloth,True,True,laura,Clin.,9
193_right.png,1,1,1,0.6417,1,5.0,9642.0,2,brown_sloth,True,True,laura,Clin.,9
19349_left.png,0,0,0,0.6593,0,5.0,11462.0,2,brown_sloth,True,True,laura,Clin.,9
1836_left.png,0,0,0,0.5939,0,5.0,16310.0,2,brown_sloth,True,True,laura,Clin.,9
17627_right.png,1,1,0,0.7677,1,3.0,26318.0,2,brown_sloth,True,False,laura,Clin.,9
1729_right.png,0,0,0,0.7171,0,5.0,15865.0,2,brown_sloth,True,True,laura,Clin.,9
15695_right.png,1,1,1,0.6715,1,4.0,21625.0,2,brown_sloth,True,True,laura,Clin.,9
1520_right.png,1,1,1,0.7642,1,5.0,7578.0,2,brown_sloth,True,True,laura,Clin.,9
14745_right.png,1,1,1,0.639,1,4.0,40597.0,2,brown_sloth,True,True,laura,Clin.,9
14689_right.png,1,1,1,0.5178,1,4.0,17029.0,2,brown_sloth,True,True,laura,Clin.,9
14086_left.png,0,0,0,0.6984,0,5.0,10204.0,2,brown_sloth,True,True,laura,Clin.,9
13490_right.png,1,1,1,0.7744,1,5.0,9797.0,2,brown_sloth,True,True,laura,Clin.,9
13490_left.png,1,1,0,0.5231,1,4.0,37242.0,2,brown_sloth,True,False,laura,Clin.,9
12358_left.png,0,0,1,0.6017,1,4.0,13374.0,2,brown_sloth,False,False,laura,Clin.,9
12089_right.png,2,1,0,0.559,1,3.0,20720.0,2,brown_sloth,True,False,laura,Clin.,9
1193_right.png,0,0,1,0.5,1,4.0,37889.0,2,brown_sloth,False,False,laura,Clin.,9
11524_right.png,0,0,0,0.5834,0,4.0,34163.0,2,brown_sloth,True,True,laura,Clin.,9
1114_right.png,0,0,0,0.6347,0,5.0,23469.0,2,brown_sloth,True,True,laura,Clin.,9
1107_right.png,2,1,1,0.5485,1,5.0,14231.0,2,brown_sloth,True,True,laura,Clin.,9
10822_left.png,1,1,1,0.504,0,5.0,17905.0,2,brown_sloth,False,True,laura,Clin.,9
1022_right.png,1,1,1,0.7638,1,5.0,33460.0,2,brown_sloth,True,True,laura,Clin.,9
9782_right.png,1,1,1,0.5905,1,4.0,18470.0,1,brown_sloth,True,True,laura,Clin.,9
9427_right.png,2,1,1,0.7691,1,5.0,4932.0,1,brown_sloth,True,True,laura,Clin.,9
907_right.png,2,1,0,0.7619,1,3.0,30215.0,1,brown_sloth,True,False,laura,Clin.,9
8536_right.png,1,1,1,0.7556,1,5.0,23488.0,1,brown_sloth,True,True,laura,Clin.,9
7913_right.png,1,1,1,0.7891,1,5.0,11178.0,1,brown_sloth,True,True,laura,Clin.,9
751_left.png,1,1,0,0.6164,0,5.0,11654.0,1,brown_sloth,False,False,laura,Clin.,9
695_right.png,2,1,1,0.7819,1,5.0,6485.0,1,brown_sloth,True,True,laura,Clin.,9
6200_left.png,2,1,1,0.9085,1,5.0,4769.0,1,brown_sloth,True,True,laura,Clin.,9
588_left.png,1,1,0,0.5674,0,4.0,42429.0,1,brown_sloth,False,False,laura,Clin.,9
5735_left.png,0,0,0,0.5466,1,3.0,27302.0,1,brown_sloth,False,True,laura,Clin.,9
490_right.png,1,1,1,0.6007,1,3.0,17125.0,1,brown_sloth,True,True,laura,Clin.,9
4518_right.png,0,0,0,0.5253,1,4.0,16443.0,1,brown_sloth,False,True,laura,Clin.,9
4439_left.png,0,0,0,0.5915,0,3.0,26503.0,1,brown_sloth,True,True,laura,Clin.,9
43033_right.png,0,0,1,0.5835,1,4.0,10710.0,1,brown_sloth,False,False,laura,Clin.,9
42653_left.png,0,0,0,0.5617,0,4.0,31640.0,1,brown_sloth,True,True,laura,Clin.,9
38852_left.png,0,0,1,0.6607,1,5.0,11722.0,1,brown_sloth,False,False,laura,Clin.,9
3322_left.png,2,1,1,0.5282,1,3.0,21735.0,1,brown_sloth,True,True,laura,Clin.,9
33225_right.png,2,1,0,0.5282,1,5.0,9040.0,1,brown_sloth,True,False,laura,Clin.,9
32874_right.png,0,0,0,0.7244,1,5.0,14398.0,1,brown_sloth,False,True,laura,Clin.,9
31537_right.png,0,0,1,0.5534,1,5.0,11301.0,1,brown_sloth,False,False,laura,Clin.,9
29_right.png,0,0,0,0.5976,0,5.0,10307.0,1,brown_sloth,True,True,laura,Clin.,9
29105_right.png,2,1,0,0.67,1,3.0,26710.0,1,brown_sloth,True,False,laura,Clin.,9
28439_left.png,2,1,0,0.5766,0,5.0,9014.0,1,brown_sloth,False,False,laura,Clin.,9
240_right.png,1,1,0,0.6339,0,5.0,15049.0,1,brown_sloth,False,False,laura,Clin.,9
23999_right.png,0,0,0,0.6713,0,4.0,21400.0,1,brown_sloth,True,True,laura,Clin.,9
23304_right.png,1,1,1,0.5328,1,4.0,16664.0,1,brown_sloth,True,True,laura,Clin.,9
22009_left.png,1,1,1,0.5804,1,5.0,28509.0,1,brown_sloth,True,True,laura,Clin.,9
21735_left.png,2,1,1,0.7263,1,5.0,10051.0,1,brown_sloth,True,True,laura,Clin.,9
21523_right.png,0,0,0,0.6095,0,3.0,24156.0,1,brown_sloth,True,True,laura,Clin.,9
21379_right.png,2,1,1,0.5365,1,4.0,22381.0,1,brown_sloth,True,True,laura,Clin.,9
20430_right.png,1,1,1,0.6892,1,5.0,11771.0,1,brown_sloth,True,True,laura,Clin.,9
20399_left.png,1,1,1,0.5528,0,5.0,12216.0,1,brown_sloth,False,True,laura,Clin.,9
20352_right.png,2,1,1,0.7818,1,5.0,6316.0,1,brown_sloth,True,True,laura,Clin.,9
19949_left.png,2,1,1,0.8744,1,5.0,8758.0,1,brown_sloth,True,True,laura,Clin.,9
19081_right.png,0,0,0,0.6445,0,5.0,10611.0,1,brown_sloth,True,True,laura,Clin.,9
18755_right.png,2,1,1,0.7051,1,4.0,39404.0,1,brown_sloth,True,True,laura,Clin.,9
18182_left.png,0,0,0,0.7277,0,5.0,10411.0,1,brown_sloth,True,True,laura,Clin.,9
18172_left.png,0,0,1,0.6446,0,3.0,20920.0,1,brown_sloth,True,False,laura,Clin.,9
17293_left.png,0,0,1,0.5888,1,5.0,12657.0,1,brown_sloth,False,False,laura,Clin.,9
17058_right.png,1,1,1,0.5134,1,4.0,10457.0,1,brown_sloth,True,True,laura,Clin.,9
16956_right.png,0,0,0,0.6033,1,5.0,11211.0,1,brown_sloth,False,True,laura,Clin.,9
16941_left.png,1,1,1,0.5497,1,4.0,16359.0,1,brown_sloth,True,True,laura,Clin.,9
16582_left.png,2,1,1,0.689,1,5.0,9496.0,1,brown_sloth,True,True,laura,Clin.,9
15883_right.png,2,1,1,0.7274,1,5.0,12124.0,1,brown_sloth,True,True,laura,Clin.,9
1578_right.png,2,1,1,0.6254,1,5.0,9927.0,1,brown_sloth,True,True,laura,Clin.,9
1556_right.png,1,1,0,0.7238,0,5.0,14011.0,1,brown_sloth,False,False,laura,Clin.,9
15390_right.png,2,1,1,0.5549,0,4.0,9985.0,1,brown_sloth,False,True,laura,Clin.,9
1469_left.png,2,1,1,0.8485,1,5.0,8591.0,1,brown_sloth,True,True,laura,Clin.,9
14418_left.png,0,0,0,0.5842,1,3.0,21295.0,1,brown_sloth,False,True,laura,Clin.,9
14231_right.png,0,0,0,0.5319,0,5.0,12745.0,1,brown_sloth,True,True,laura,Clin.,9
1369_right.png,1,1,1,0.5242,0,5.0,9437.0,1,brown_sloth,False,True,laura,Clin.,9
13643_right.png,1,1,1,0.6331,0,5.0,15697.0,1,brown_sloth,False,True,laura,Clin.,9
12480_right.png,2,1,1,0.63,1,4.0,23235.0,1,brown_sloth,True,True,laura,Clin.,9
12241_left.png,1,1,0,0.613,0,5.0,15694.0,1,brown_sloth,False,False,laura,Clin.,9
12128_right.png,0,0,0,0.6769,0,5.0,11683.0,1,brown_sloth,True,True,laura,Clin.,9
11322_right.png,1,1,1,0.5762,1,4.0,13830.0,1,brown_sloth,True,True,laura,Clin.,9
10812_left.png,1,1,1,0.7033,1,4.0,20793.0,1,brown_sloth,True,True,laura,Clin.,9
10618_left.png,0,0,0,0.665,0,5.0,11723.0,1,brown_sloth,True,True,laura,Clin.,9
1034_right.png,2,1,0,0.5214,1,4.0,17413.0,1,brown_sloth,True,False,laura,Clin.,9
10232_right.png,1,1,1,0.5973,0,5.0,30071.0,1,brown_sloth,False,True,laura,Clin.,9
9423_right.png,1,1,0,0.6195,0,4.0,9164.0,3,Eyefluencer,False,False,eyefluencer,Clin.,14
8158_left.png,2,1,0,0.6358,0,3.0,12825.0,3,Eyefluencer,False,False,eyefluencer,Clin.,14
7828_right.png,0,0,0,0.6211,0,5.0,9592.0,3,Eyefluencer,True,True,eyefluencer,Clin.,14
6974_left.png,1,1,0,0.5338,0,3.0,11519.0,3,Eyefluencer,False,False,eyefluencer,Clin.,14
6678_left.png,0,0,0,0.6623,0,5.0,8463.0,3,Eyefluencer,True,True,eyefluencer,Clin.,14
5994_left.png,1,1,1,0.7353,1,5.0,6169.0,3,Eyefluencer,True,True,eyefluencer,Clin.,14
5966_left.png,0,0,0,0.6046,0,5.0,8376.0,3,Eyefluencer,True,True,eyefluencer,Clin.,14
5383_left.png,1,1,1,0.7058,1,5.0,10400.0,3,Eyefluencer,True,True,eyefluencer,Clin.,14
44202_left.png,0,0,0,0.5579,0,5.0,7008.0,3,Eyefluencer,True,True,eyefluencer,Clin.,14
43539_left.png,2,1,1,0.7572,1,5.0,9046.0,3,Eyefluencer,True,True,eyefluencer,Clin.,14
42873_left.png,1,1,1,0.5378,1,4.0,13289.0,3,Eyefluencer,True,True,eyefluencer,Clin.,14
42653_right.png,1,1,1,0.72,1,5.0,12606.0,3,Eyefluencer,True,True,eyefluencer,Clin.,14
42359_right.png,2,1,0,0.5379,1,5.0,16666.0,3,Eyefluencer,True,False,eyefluencer,Clin.,14
42359_left.png,2,1,1,0.5264,1,5.0,11653.0,3,Eyefluencer,True,True,eyefluencer,Clin.,14
42349_right.png,2,1,1,0.8125,1,5.0,5024.0,3,Eyefluencer,True,True,eyefluencer,Clin.,14
39925_right.png,1,1,1,0.5555,1,5.0,9611.0,3,Eyefluencer,True,True,eyefluencer,Clin.,14
38850_left.png,2,1,0,0.5975,0,5.0,6011.0,3,Eyefluencer,False,False,eyefluencer,Clin.,14
37658_left.png,0,0,0,0.756,0,5.0,7999.0,3,Eyefluencer,True,True,eyefluencer,Clin.,14
36591_right.png,0,0,0,0.6609,0,5.0,5557.0,3,Eyefluencer,True,True,eyefluencer,Clin.,14
36280_right.png,1,1,1,0.6044,1,5.0,8011.0,3,Eyefluencer,True,True,eyefluencer,Clin.,14
36121_right.png,1,1,1,0.5192,1,5.0,8602.0,3,Eyefluencer,True,True,eyefluencer,Clin.,14
34405_right.png,2,1,0,0.5582,0,5.0,8097.0,3,Eyefluencer,False,False,eyefluencer,Clin.,14
3363_right.png,2,1,1,0.5603,0,4.0,12234.0,3,Eyefluencer,False,True,eyefluencer,Clin.,14
30221_left.png,1,1,1,0.5759,1,5.0,4596.0,3,Eyefluencer,True,True,eyefluencer,Clin.,14
30086_right.png,0,0,0,0.7292,0,5.0,8508.0,3,Eyefluencer,True,True,eyefluencer,Clin.,14
30032_left.png,0,0,1,0.5287,1,4.0,8373.0,3,Eyefluencer,False,False,eyefluencer,Clin.,14
29367_left.png,1,1,1,0.5351,1,5.0,10445.0,3,Eyefluencer,True,True,eyefluencer,Clin.,14
28785_right.png,0,0,1,0.6174,1,4.0,12690.0,3,Eyefluencer,False,False,eyefluencer,Clin.,14
26841_left.png,2,1,1,0.9617,1,5.0,5200.0,3,Eyefluencer,True,True,eyefluencer,Clin.,14
26499_right.png,0,0,0,0.5421,0,5.0,5451.0,3,Eyefluencer,True,True,eyefluencer,Clin.,14
26483_left.png,2,1,1,0.5713,1,5.0,6356.0,3,Eyefluencer,True,True,eyefluencer,Clin.,14
25744_left.png,0,0,0,0.7611,0,5.0,6331.0,3,Eyefluencer,True,True,eyefluencer,Clin.,14
25741_left.png,2,1,1,0.9505,1,5.0,5958.0,3,Eyefluencer,True,True,eyefluencer,Clin.,14
2477_left.png,0,0,0,0.6038,0,5.0,5813.0,3,Eyefluencer,True,True,eyefluencer,Clin.,14
24547_right.png,1,1,1,0.5586,0,3.0,14354.0,3,Eyefluencer,False,True,eyefluencer,Clin.,14
236_right.png,0,0,1,0.5766,0,4.0,9100.0,3,Eyefluencer,True,False,eyefluencer,Clin.,14
23333_left.png,1,1,0,0.6039,0,5.0,6965.0,3,Eyefluencer,False,False,eyefluencer,Clin.,14
22954_left.png,2,1,1,0.936,1,5.0,5840.0,3,Eyefluencer,True,True,eyefluencer,Clin.,14
22685_right.png,2,1,1,0.8413,1,5.0,6557.0,3,Eyefluencer,True,True,eyefluencer,Clin.,14
22371_right.png,0,0,0,0.725,0,5.0,5432.0,3,Eyefluencer,True,True,eyefluencer,Clin.,14
21666_left.png,2,1,0,0.54,1,5.0,4635.0,3,Eyefluencer,True,False,eyefluencer,Clin.,14
21491_left.png,0,0,0,0.7083,0,5.0,5820.0,3,Eyefluencer,True,True,eyefluencer,Clin.,14
20489_left.png,0,0,1,0.5809,1,5.0,9610.0,3,Eyefluencer,False,False,eyefluencer,Clin.,14
20361_left.png,2,1,1,0.6111,1,5.0,6804.0,3,Eyefluencer,True,True,eyefluencer,Clin.,14
19774_left.png,1,1,1,0.8802,1,5.0,7901.0,3,Eyefluencer,True,True,eyefluencer,Clin.,14
19755_left.png,1,1,0,0.537,1,3.0,13990.0,3,Eyefluencer,True,False,eyefluencer,Clin.,14
18727_right.png,1,1,1,0.5616,1,3.0,10462.0,3,Eyefluencer,True,True,eyefluencer,Clin.,14
17293_right.png,0,0,1,0.5151,0,4.0,14589.0,3,Eyefluencer,True,False,eyefluencer,Clin.,14
171_left.png,0,0,0,0.6035,0,5.0,6812.0,3,Eyefluencer,True,True,eyefluencer,Clin.,14
17030_right.png,1,1,1,0.5218,1,5.0,5286.0,3,Eyefluencer,True,True,eyefluencer,Clin.,14
16881_left.png,2,1,1,0.8047,1,5.0,8156.0,3,Eyefluencer,True,True,eyefluencer,Clin.,14
16582_right.png,2,1,1,0.7927,1,5.0,9189.0,3,Eyefluencer,True,True,eyefluencer,Clin.,14
16501_right.png,0,0,0,0.6066,0,5.0,8615.0,3,Eyefluencer,True,True,eyefluencer,Clin.,14
157_right.png,0,0,0,0.7107,0,5.0,7820.0,3,Eyefluencer,True,True,eyefluencer,Clin.,14
15523_left.png,2,1,1,0.8579,1,5.0,6000.0,3,Eyefluencer,True,True,eyefluencer,Clin.,14
14309_left.png,2,1,1,0.9676,1,5.0,6588.0,3,Eyefluencer,True,True,eyefluencer,Clin.,14
13926_left.png,1,1,1,0.6745,0,3.0,13599.0,3,Eyefluencer,False,True,eyefluencer,Clin.,14
12078_left.png,1,1,0,0.6336,0,5.0,14045.0,3,Eyefluencer,False,False,eyefluencer,Clin.,14
11167_right.png,1,1,1,0.9108,1,5.0,13071.0,3,Eyefluencer,True,True,eyefluencer,Clin.,14
1034_left.png,2,1,1,0.6058,1,5.0,9029.0,3,Eyefluencer,True,True,eyefluencer,Clin.,14
9456_right.png,1,1,1,0.7024,1,5.0,6888.0,2,Eyefluencer,True,True,eyefluencer,Clin.,14
8810_left.png,0,0,1,0.5399,0,5.0,49304.0,2,Eyefluencer,True,False,eyefluencer,Clin.,14
7513_left.png,1,1,1,0.7175,0,5.0,13899.0,2,Eyefluencer,False,True,eyefluencer,Clin.,14
7091_left.png,0,0,0,0.5908,0,5.0,10682.0,2,Eyefluencer,True,True,eyefluencer,Clin.,14
5559_right.png,1,1,1,0.5338,0,5.0,18761.0,2,Eyefluencer,False,True,eyefluencer,Clin.,14
5125_right.png,1,1,0,0.6514,0,5.0,29303.0,2,Eyefluencer,False,False,eyefluencer,Clin.,14
5114_right.png,1,1,1,0.6821,1,5.0,17286.0,2,Eyefluencer,True,True,eyefluencer,Clin.,14
5059_left.png,0,0,1,0.5319,0,5.0,53555.0,2,Eyefluencer,True,False,eyefluencer,Clin.,14
4784_right.png,0,0,0,0.6465,0,5.0,8824.0,2,Eyefluencer,True,True,eyefluencer,Clin.,14
4507_left.png,0,0,0,0.6369,1,3.0,18572.0,2,Eyefluencer,False,True,eyefluencer,Clin.,14
42732_left.png,2,1,1,0.7583,1,5.0,14505.0,2,Eyefluencer,True,True,eyefluencer,Clin.,14
42678_left.png,2,1,0,0.6175,0,5.0,7306.0,2,Eyefluencer,False,False,eyefluencer,Clin.,14
41725_left.png,2,1,1,0.5293,1,5.0,7414.0,2,Eyefluencer,True,True,eyefluencer,Clin.,14
41514_left.png,2,1,1,0.7439,1,5.0,5177.0,2,Eyefluencer,True,True,eyefluencer,Clin.,14
40138_right.png,2,1,1,0.9107,1,5.0,6865.0,2,Eyefluencer,True,True,eyefluencer,Clin.,14
38850_right.png,2,1,0,0.5327,0,5.0,8591.0,2,Eyefluencer,False,False,eyefluencer,Clin.,14
37493_right.png,2,1,1,0.8242,1,5.0,7849.0,2,Eyefluencer,True,True,eyefluencer,Clin.,14
37084_left.png,2,1,1,0.7335,1,5.0,13394.0,2,Eyefluencer,True,True,eyefluencer,Clin.,14
3666_left.png,2,1,1,0.9078,1,5.0,6911.0,2,Eyefluencer,True,True,eyefluencer,Clin.,14
3655_right.png,0,0,0,0.5499,0,5.0,8033.0,2,Eyefluencer,True,True,eyefluencer,Clin.,14
36121_left.png,1,1,0,0.5458,1,3.0,22842.0,2,Eyefluencer,True,False,eyefluencer,Clin.,14
35755_right.png,2,1,0,0.5972,1,5.0,24962.0,2,Eyefluencer,True,False,eyefluencer,Clin.,14
3567_left.png,0,0,0,0.7144,0,5.0,12589.0,2,Eyefluencer,True,True,eyefluencer,Clin.,14
35047_right.png,1,1,1,0.638,1,5.0,6689.0,2,Eyefluencer,True,True,eyefluencer,Clin.,14
32509_right.png,2,1,1,0.5907,1,5.0,23868.0,2,Eyefluencer,True,True,eyefluencer,Clin.,14
32271_right.png,2,1,1,0.7486,1,5.0,6165.0,2,Eyefluencer,True,True,eyefluencer,Clin.,14
31723_left.png,2,1,0,0.5614,0,5.0,22957.0,2,Eyefluencer,False,False,eyefluencer,Clin.,14
3161_right.png,0,0,0,0.6625,0,5.0,7839.0,2,Eyefluencer,True,True,eyefluencer,Clin.,14
3110_right.png,0,0,1,0.6428,1,3.0,14971.0,2,Eyefluencer,False,False,eyefluencer,Clin.,14
29885_right.png,2,1,1,0.8573,1,5.0,7604.0,2,Eyefluencer,True,True,eyefluencer,Clin.,14
27969_left.png,1,1,1,0.5127,1,4.0,47229.0,2,Eyefluencer,True,True,eyefluencer,Clin.,14
26878_left.png,2,1,1,0.9131,1,5.0,10141.0,2,Eyefluencer,True,True,eyefluencer,Clin.,14
26411_right.png,2,1,1,0.6534,1,3.0,31611.0,2,Eyefluencer,True,True,eyefluencer,Clin.,14
25013_left.png,0,0,0,0.7609,0,5.0,12554.0,2,Eyefluencer,True,True,eyefluencer,Clin.,14
24655_right.png,1,1,1,0.6041,1,5.0,24869.0,2,Eyefluencer,True,True,eyefluencer,Clin.,14
23531_right.png,2,1,1,0.5387,1,4.0,10379.0,2,Eyefluencer,True,True,eyefluencer,Clin.,14
23286_right.png,2,1,1,0.5955,1,4.0,11644.0,2,Eyefluencer,True,True,eyefluencer,Clin.,14
23286_left.png,1,1,0,0.5136,0,4.0,25274.0,2,Eyefluencer,False,False,eyefluencer,Clin.,14
228_left.png,0,0,0,0.5479,0,5.0,11323.0,2,Eyefluencer,True,True,eyefluencer,Clin.,14
19455_left.png,0,0,0,0.6934,0,5.0,14937.0,2,Eyefluencer,True,True,eyefluencer,Clin.,14
193_right.png,1,1,1,0.6417,1,5.0,15465.0,2,Eyefluencer,True,True,eyefluencer,Clin.,14
19349_left.png,0,0,0,0.6593,0,5.0,9347.0,2,Eyefluencer,True,True,eyefluencer,Clin.,14
1836_left.png,0,0,0,0.5939,0,5.0,13787.0,2,Eyefluencer,True,True,eyefluencer,Clin.,14
17627_right.png,1,1,0,0.7677,0,5.0,11280.0,2,Eyefluencer,False,False,eyefluencer,Clin.,14
1729_right.png,0,0,0,0.7171,0,5.0,15405.0,2,Eyefluencer,True,True,eyefluencer,Clin.,14
15695_right.png,1,1,1,0.6715,1,5.0,17752.0,2,Eyefluencer,True,True,eyefluencer,Clin.,14
1520_right.png,1,1,1,0.7642,1,5.0,21037.0,2,Eyefluencer,True,True,eyefluencer,Clin.,14
14745_right.png,1,1,1,0.639,0,5.0,27120.0,2,Eyefluencer,False,True,eyefluencer,Clin.,14
14689_right.png,1,1,1,0.5178,0,4.0,34447.0,2,Eyefluencer,False,True,eyefluencer,Clin.,14
14086_left.png,0,0,0,0.6984,0,5.0,7685.0,2,Eyefluencer,True,True,eyefluencer,Clin.,14
13490_right.png,1,1,1,0.7744,1,4.0,21112.0,2,Eyefluencer,True,True,eyefluencer,Clin.,14
13490_left.png,1,1,0,0.5231,0,5.0,12327.0,2,Eyefluencer,False,False,eyefluencer,Clin.,14
12358_left.png,0,0,1,0.6017,0,3.0,28111.0,2,Eyefluencer,True,False,eyefluencer,Clin.,14
12089_right.png,2,1,0,0.559,0,5.0,20886.0,2,Eyefluencer,False,False,eyefluencer,Clin.,14
1193_right.png,0,0,1,0.5,0,5.0,14388.0,2,Eyefluencer,True,False,eyefluencer,Clin.,14
11524_right.png,0,0,0,0.5834,0,5.0,13460.0,2,Eyefluencer,True,True,eyefluencer,Clin.,14
1114_right.png,0,0,0,0.6347,0,5.0,11019.0,2,Eyefluencer,True,True,eyefluencer,Clin.,14
1107_right.png,2,1,1,0.5485,0,4.0,35772.0,2,Eyefluencer,False,True,eyefluencer,Clin.,14
10822_left.png,1,1,1,0.504,0,5.0,28532.0,2,Eyefluencer,False,True,eyefluencer,Clin.,14
1022_right.png,1,1,1,0.7638,1,4.0,30280.0,2,Eyefluencer,True,True,eyefluencer,Clin.,14
9782_right.png,1,1,1,0.5905,1,5.0,6897.0,1,Eyefluencer,True,True,eyefluencer,Clin.,14
9427_right.png,2,1,1,0.7691,1,5.0,5961.0,1,Eyefluencer,True,True,eyefluencer,Clin.,14
907_right.png,2,1,0,0.7619,0,5.0,14509.0,1,Eyefluencer,False,False,eyefluencer,Clin.,14
8536_right.png,1,1,1,0.7556,1,5.0,9406.0,1,Eyefluencer,True,True,eyefluencer,Clin.,14
7913_right.png,1,1,1,0.7891,1,4.0,10789.0,1,Eyefluencer,True,True,eyefluencer,Clin.,14
751_left.png,1,1,0,0.6164,0,5.0,13455.0,1,Eyefluencer,False,False,eyefluencer,Clin.,14
695_right.png,2,1,1,0.7819,1,5.0,5562.0,1,Eyefluencer,True,True,eyefluencer,Clin.,14
6200_left.png,2,1,1,0.9085,1,5.0,5865.0,1,Eyefluencer,True,True,eyefluencer,Clin.,14
588_left.png,1,1,0,0.5674,0,5.0,15148.0,1,Eyefluencer,False,False,eyefluencer,Clin.,14
5735_left.png,0,0,0,0.5466,0,4.0,13552.0,1,Eyefluencer,True,True,eyefluencer,Clin.,14
490_right.png,1,1,1,0.6007,0,5.0,7230.0,1,Eyefluencer,False,True,eyefluencer,Clin.,14
4518_right.png,0,0,0,0.5253,1,3.0,14516.0,1,Eyefluencer,False,True,eyefluencer,Clin.,14
4439_left.png,0,0,0,0.5915,1,3.0,16080.0,1,Eyefluencer,False,True,eyefluencer,Clin.,14
43033_right.png,0,0,1,0.5835,0,4.0,14745.0,1,Eyefluencer,True,False,eyefluencer,Clin.,14
42653_left.png,0,0,0,0.5617,0,4.0,16159.0,1,Eyefluencer,True,True,eyefluencer,Clin.,14
38852_left.png,0,0,1,0.6607,1,5.0,9983.0,1,Eyefluencer,False,False,eyefluencer,Clin.,14
3322_left.png,2,1,1,0.5282,0,4.0,18247.0,1,Eyefluencer,False,True,eyefluencer,Clin.,14
33225_right.png,2,1,0,0.5282,1,4.0,10060.0,1,Eyefluencer,True,False,eyefluencer,Clin.,14
32874_right.png,0,0,0,0.7244,0,4.0,18073.0,1,Eyefluencer,True,True,eyefluencer,Clin.,14
31537_right.png,0,0,1,0.5534,1,4.0,21447.0,1,Eyefluencer,False,False,eyefluencer,Clin.,14
29_right.png,0,0,0,0.5976,0,5.0,10162.0,1,Eyefluencer,True,True,eyefluencer,Clin.,14
29105_right.png,2,1,0,0.67,0,4.0,12753.0,1,Eyefluencer,False,False,eyefluencer,Clin.,14
28439_left.png,2,1,0,0.5766,0,5.0,15511.0,1,Eyefluencer,False,False,eyefluencer,Clin.,14
240_right.png,1,1,0,0.6339,0,4.0,15861.0,1,Eyefluencer,False,False,eyefluencer,Clin.,14
23999_right.png,0,0,0,0.6713,1,3.0,15493.0,1,Eyefluencer,False,True,eyefluencer,Clin.,14
23304_right.png,1,1,1,0.5328,1,5.0,13364.0,1,Eyefluencer,True,True,eyefluencer,Clin.,14
22009_left.png,1,1,1,0.5804,0,3.0,12825.0,1,Eyefluencer,False,True,eyefluencer,Clin.,14
21735_left.png,2,1,1,0.7263,1,5.0,7374.0,1,Eyefluencer,True,True,eyefluencer,Clin.,14
21523_right.png,0,0,0,0.6095,0,4.0,11807.0,1,Eyefluencer,True,True,eyefluencer,Clin.,14
21379_right.png,2,1,1,0.5365,1,5.0,8995.0,1,Eyefluencer,True,True,eyefluencer,Clin.,14
20430_right.png,1,1,1,0.6892,1,5.0,14140.0,1,Eyefluencer,True,True,eyefluencer,Clin.,14
20399_left.png,1,1,1,0.5528,0,5.0,16835.0,1,Eyefluencer,False,True,eyefluencer,Clin.,14
20352_right.png,2,1,1,0.7818,1,5.0,6097.0,1,Eyefluencer,True,True,eyefluencer,Clin.,14
19949_left.png,2,1,1,0.8744,1,5.0,7851.0,1,Eyefluencer,True,True,eyefluencer,Clin.,14
19081_right.png,0,0,0,0.6445,0,5.0,14190.0,1,Eyefluencer,True,True,eyefluencer,Clin.,14
18755_right.png,2,1,1,0.7051,1,5.0,10867.0,1,Eyefluencer,True,True,eyefluencer,Clin.,14
18182_left.png,0,0,0,0.7277,0,5.0,140467.0,1,Eyefluencer,True,True,eyefluencer,Clin.,14
18172_left.png,0,0,1,0.6446,0,5.0,11412.0,1,Eyefluencer,True,False,eyefluencer,Clin.,14
17293_left.png,0,0,1,0.5888,1,4.0,11256.0,1,Eyefluencer,False,False,eyefluencer,Clin.,14
17058_right.png,1,1,1,0.5134,1,4.0,16188.0,1,Eyefluencer,True,True,eyefluencer,Clin.,14
16956_right.png,0,0,0,0.6033,0,5.0,13223.0,1,Eyefluencer,True,True,eyefluencer,Clin.,14
16941_left.png,1,1,1,0.5497,1,5.0,10802.0,1,Eyefluencer,True,True,eyefluencer,Clin.,14
16582_left.png,2,1,1,0.689,1,5.0,14835.0,1,Eyefluencer,True,True,eyefluencer,Clin.,14
15883_right.png,2,1,1,0.7274,1,5.0,37102.0,1,Eyefluencer,True,True,eyefluencer,Clin.,14
1578_right.png,2,1,1,0.6254,1,4.0,17214.0,1,Eyefluencer,True,True,eyefluencer,Clin.,14
1556_right.png,1,1,0,0.7238,0,5.0,8702.0,1,Eyefluencer,False,False,eyefluencer,Clin.,14
15390_right.png,2,1,1,0.5549,1,3.0,16416.0,1,Eyefluencer,True,True,eyefluencer,Clin.,14
1469_left.png,2,1,1,0.8485,1,5.0,8926.0,1,Eyefluencer,True,True,eyefluencer,Clin.,14
14418_left.png,0,0,0,0.5842,0,4.0,58030.0,1,Eyefluencer,True,True,eyefluencer,Clin.,14
14231_right.png,0,0,0,0.5319,0,5.0,45639.0,1,Eyefluencer,True,True,eyefluencer,Clin.,14
1369_right.png,1,1,1,0.5242,1,4.0,14621.0,1,Eyefluencer,True,True,eyefluencer,Clin.,14
13643_right.png,1,1,1,0.6331,0,4.0,21700.0,1,Eyefluencer,False,True,eyefluencer,Clin.,14
12480_right.png,2,1,1,0.63,1,4.0,19874.0,1,Eyefluencer,True,True,eyefluencer,Clin.,14
12241_left.png,1,1,0,0.613,0,5.0,12042.0,1,Eyefluencer,False,False,eyefluencer,Clin.,14
12128_right.png,0,0,0,0.6769,1,4.0,36387.0,1,Eyefluencer,False,True,eyefluencer,Clin.,14
11322_right.png,1,1,1,0.5762,1,5.0,17553.0,1,Eyefluencer,True,True,eyefluencer,Clin.,14
10812_left.png,1,1,1,0.7033,1,5.0,11124.0,1,Eyefluencer,True,True,eyefluencer,Clin.,14
10618_left.png,0,0,0,0.665,0,5.0,13073.0,1,Eyefluencer,True,True,eyefluencer,Clin.,14
1034_right.png,2,1,0,0.5214,0,5.0,10935.0,1,Eyefluencer,False,False,eyefluencer,Clin.,14
10232_right.png,1,1,1,0.5973,0,5.0,10923.0,1,Eyefluencer,False,True,eyefluencer,Clin.,14
9423_right.png,1,1,0,0.6195,0,2.0,47812.0,3,Huygens,False,False,huygens,Clin.,4
8158_left.png,2,1,0,0.6358,0,2.0,26394.0,3,Huygens,False,False,huygens,Clin.,4
7828_right.png,0,0,0,0.6211,0,4.0,7138.0,3,Huygens,True,True,huygens,Clin.,4
6974_left.png,1,1,0,0.5338,0,4.0,69333.0,3,Huygens,False,False,huygens,Clin.,4
6678_left.png,0,0,0,0.6623,0,4.0,27229.0,3,Huygens,True,True,huygens,Clin.,4
5994_left.png,1,1,1,0.7353,1,4.0,13110.0,3,Huygens,True,True,huygens,Clin.,4
5966_left.png,0,0,0,0.6046,0,3.0,54692.0,3,Huygens,True,True,huygens,Clin.,4
5383_left.png,1,1,1,0.7058,1,3.0,11461.0,3,Huygens,True,True,huygens,Clin.,4
44202_left.png,0,0,0,0.5579,0,4.0,14981.0,3,Huygens,True,True,huygens,Clin.,4
43539_left.png,2,1,1,0.7572,1,2.0,8405.0,3,Huygens,True,True,huygens,Clin.,4
42873_left.png,1,1,1,0.5378,0,2.0,11050.0,3,Huygens,False,True,huygens,Clin.,4
42653_right.png,1,1,1,0.72,1,3.0,9776.0,3,Huygens,True,True,huygens,Clin.,4
42359_right.png,2,1,0,0.5379,1,3.0,7369.0,3,Huygens,True,False,huygens,Clin.,4
42359_left.png,2,1,1,0.5264,1,2.0,34989.0,3,Huygens,True,True,huygens,Clin.,4
42349_right.png,2,1,1,0.8125,1,4.0,12387.0,3,Huygens,True,True,huygens,Clin.,4
39925_right.png,1,1,1,0.5555,1,3.0,10751.0,3,Huygens,True,True,huygens,Clin.,4
38850_left.png,2,1,0,0.5975,0,3.0,8153.0,3,Huygens,False,False,huygens,Clin.,4
37658_left.png,0,0,0,0.756,0,4.0,17524.0,3,Huygens,True,True,huygens,Clin.,4
36591_right.png,0,0,0,0.6609,1,2.0,42978.0,3,Huygens,False,True,huygens,Clin.,4
36280_right.png,1,1,1,0.6044,1,2.0,24070.0,3,Huygens,True,True,huygens,Clin.,4
36121_right.png,1,1,1,0.5192,1,3.0,30217.0,3,Huygens,True,True,huygens,Clin.,4
34405_right.png,2,1,0,0.5582,0,3.0,29744.0,3,Huygens,False,False,huygens,Clin.,4
3363_right.png,2,1,1,0.5603,0,3.0,22548.0,3,Huygens,False,True,huygens,Clin.,4
30221_left.png,1,1,1,0.5759,1,4.0,7495.0,3,Huygens,True,True,huygens,Clin.,4
30086_right.png,0,0,0,0.7292,0,4.0,18720.0,3,Huygens,True,True,huygens,Clin.,4
30032_left.png,0,0,1,0.5287,0,2.0,11854.0,3,Huygens,True,False,huygens,Clin.,4
29367_left.png,1,1,1,0.5351,1,2.0,7149.0,3,Huygens,True,True,huygens,Clin.,4
28785_right.png,0,0,1,0.6174,1,3.0,6554.0,3,Huygens,False,False,huygens,Clin.,4
26841_left.png,2,1,1,0.9617,1,4.0,26999.0,3,Huygens,True,True,huygens,Clin.,4
26499_right.png,0,0,0,0.5421,0,3.0,4617.0,3,Huygens,True,True,huygens,Clin.,4
26483_left.png,2,1,1,0.5713,1,4.0,9225.0,3,Huygens,True,True,huygens,Clin.,4
25744_left.png,0,0,0,0.7611,0,,5144.0,3,Huygens,True,True,huygens,Clin.,4
25741_left.png,2,1,1,0.9505,1,4.0,4880.0,3,Huygens,True,True,huygens,Clin.,4
2477_left.png,0,0,0,0.6038,0,3.0,5957.0,3,Huygens,True,True,huygens,Clin.,4
24547_right.png,1,1,1,0.5586,1,2.0,11291.0,3,Huygens,True,True,huygens,Clin.,4
236_right.png,0,0,1,0.5766,1,2.0,12797.0,3,Huygens,False,False,huygens,Clin.,4
23333_left.png,1,1,0,0.6039,1,2.0,14939.0,3,Huygens,True,False,huygens,Clin.,4
22954_left.png,2,1,1,0.936,1,5.0,5124.0,3,Huygens,True,True,huygens,Clin.,4
22685_right.png,2,1,1,0.8413,1,4.0,6686.0,3,Huygens,True,True,huygens,Clin.,4
22371_right.png,0,0,0,0.725,0,4.0,7579.0,3,Huygens,True,True,huygens,Clin.,4
21666_left.png,2,1,0,0.54,1,4.0,5783.0,3,Huygens,True,False,huygens,Clin.,4
21491_left.png,0,0,0,0.7083,0,4.0,5354.0,3,Huygens,True,True,huygens,Clin.,4
20489_left.png,0,0,1,0.5809,1,4.0,7332.0,3,Huygens,False,False,huygens,Clin.,4
20361_left.png,2,1,1,0.6111,1,3.0,4386.0,3,Huygens,True,True,huygens,Clin.,4
19774_left.png,1,1,1,0.8802,1,5.0,23596.0,3,Huygens,True,True,huygens,Clin.,4
19755_left.png,1,1,0,0.537,1,3.0,16302.0,3,Huygens,True,False,huygens,Clin.,4
18727_right.png,1,1,1,0.5616,1,4.0,7630.0,3,Huygens,True,True,huygens,Clin.,4
17293_right.png,0,0,1,0.5151,0,3.0,22439.0,3,Huygens,True,False,huygens,Clin.,4
171_left.png,0,0,0,0.6035,0,4.0,25512.0,3,Huygens,True,True,huygens,Clin.,4
17030_right.png,1,1,1,0.5218,1,4.0,4791.0,3,Huygens,True,True,huygens,Clin.,4
16881_left.png,2,1,1,0.8047,1,4.0,4559.0,3,Huygens,True,True,huygens,Clin.,4
16582_right.png,2,1,1,0.7927,1,4.0,9856.0,3,Huygens,True,True,huygens,Clin.,4
16501_right.png,0,0,0,0.6066,0,3.0,17328.0,3,Huygens,True,True,huygens,Clin.,4
157_right.png,0,0,0,0.7107,0,3.0,5846.0,3,Huygens,True,True,huygens,Clin.,4
15523_left.png,2,1,1,0.8579,1,4.0,4270.0,3,Huygens,True,True,huygens,Clin.,4
14309_left.png,2,1,1,0.9676,1,5.0,6903.0,3,Huygens,True,True,huygens,Clin.,4
13926_left.png,1,1,1,0.6745,1,3.0,8346.0,3,Huygens,True,True,huygens,Clin.,4
12078_left.png,1,1,0,0.6336,0,3.0,7479.0,3,Huygens,False,False,huygens,Clin.,4
11167_right.png,1,1,1,0.9108,1,4.0,9627.0,3,Huygens,True,True,huygens,Clin.,4
1034_left.png,2,1,1,0.6058,1,3.0,12494.0,3,Huygens,True,True,huygens,Clin.,4
9456_right.png,1,1,1,0.7024,1,4.0,6775.0,2,Huygens,True,True,huygens,Clin.,4
8810_left.png,0,0,1,0.5399,1,2.0,20590.0,2,Huygens,False,False,huygens,Clin.,4
7513_left.png,1,1,1,0.7175,1,3.0,32805.0,2,Huygens,True,True,huygens,Clin.,4
7091_left.png,0,0,0,0.5908,0,3.0,11067.0,2,Huygens,True,True,huygens,Clin.,4
5559_right.png,1,1,1,0.5338,0,3.0,31046.0,2,Huygens,False,True,huygens,Clin.,4
5125_right.png,1,1,0,0.6514,0,3.0,25214.0,2,Huygens,False,False,huygens,Clin.,4
5114_right.png,1,1,1,0.6821,1,4.0,8344.0,2,Huygens,True,True,huygens,Clin.,4
5059_left.png,0,0,1,0.5319,1,4.0,116942.0,2,Huygens,False,False,huygens,Clin.,4
4784_right.png,0,0,0,0.6465,0,4.0,64136.0,2,Huygens,True,True,huygens,Clin.,4
4507_left.png,0,0,0,0.6369,0,3.0,20579.0,2,Huygens,True,True,huygens,Clin.,4
42732_left.png,2,1,1,0.7583,1,4.0,7204.0,2,Huygens,True,True,huygens,Clin.,4
42678_left.png,2,1,0,0.6175,0,4.0,8026.0,2,Huygens,False,False,huygens,Clin.,4
41725_left.png,2,1,1,0.5293,1,4.0,7544.0,2,Huygens,True,True,huygens,Clin.,4
41514_left.png,2,1,1,0.7439,1,4.0,5488.0,2,Huygens,True,True,huygens,Clin.,4
40138_right.png,2,1,1,0.9107,1,3.0,9309.0,2,Huygens,True,True,huygens,Clin.,4
38850_right.png,2,1,0,0.5327,0,4.0,20710.0,2,Huygens,False,False,huygens,Clin.,4
37493_right.png,2,1,1,0.8242,1,5.0,8478.0,2,Huygens,True,True,huygens,Clin.,4
37084_left.png,2,1,1,0.7335,1,4.0,10849.0,2,Huygens,True,True,huygens,Clin.,4
3666_left.png,2,1,1,0.9078,1,5.0,4617.0,2,Huygens,True,True,huygens,Clin.,4
3655_right.png,0,0,0,0.5499,0,3.0,18378.0,2,Huygens,True,True,huygens,Clin.,4
36121_left.png,1,1,0,0.5458,1,3.0,10407.0,2,Huygens,True,False,huygens,Clin.,4
35755_right.png,2,1,0,0.5972,0,2.0,10591.0,2,Huygens,False,False,huygens,Clin.,4
3567_left.png,0,0,0,0.7144,0,3.0,6640.0,2,Huygens,True,True,huygens,Clin.,4
35047_right.png,1,1,1,0.638,1,4.0,10091.0,2,Huygens,True,True,huygens,Clin.,4
32509_right.png,2,1,1,0.5907,1,4.0,7996.0,2,Huygens,True,True,huygens,Clin.,4
32271_right.png,2,1,1,0.7486,1,4.0,10251.0,2,Huygens,True,True,huygens,Clin.,4
31723_left.png,2,1,0,0.5614,0,3.0,36600.0,2,Huygens,False,False,huygens,Clin.,4
3161_right.png,0,0,0,0.6625,0,4.0,8661.0,2,Huygens,True,True,huygens,Clin.,4
3110_right.png,0,0,1,0.6428,1,4.0,14323.0,2,Huygens,False,False,huygens,Clin.,4
29885_right.png,2,1,1,0.8573,1,4.0,6911.0,2,Huygens,True,True,huygens,Clin.,4
27969_left.png,1,1,1,0.5127,1,3.0,9350.0,2,Huygens,True,True,huygens,Clin.,4
26878_left.png,2,1,1,0.9131,1,5.0,5601.0,2,Huygens,True,True,huygens,Clin.,4
26411_right.png,2,1,1,0.6534,1,4.0,5815.0,2,Huygens,True,True,huygens,Clin.,4
25013_left.png,0,0,0,0.7609,0,4.0,13841.0,2,Huygens,True,True,huygens,Clin.,4
24655_right.png,1,1,1,0.6041,1,4.0,8645.0,2,Huygens,True,True,huygens,Clin.,4
23531_right.png,2,1,1,0.5387,1,3.0,9612.0,2,Huygens,True,True,huygens,Clin.,4
23286_right.png,2,1,1,0.5955,1,4.0,5412.0,2,Huygens,True,True,huygens,Clin.,4
23286_left.png,1,1,0,0.5136,0,4.0,9122.0,2,Huygens,False,False,huygens,Clin.,4
228_left.png,0,0,0,0.5479,0,4.0,8128.0,2,Huygens,True,True,huygens,Clin.,4
19455_left.png,0,0,0,0.6934,0,5.0,8208.0,2,Huygens,True,True,huygens,Clin.,4
193_right.png,1,1,1,0.6417,1,4.0,8009.0,2,Huygens,True,True,huygens,Clin.,4
19349_left.png,0,0,0,0.6593,0,4.0,9743.0,2,Huygens,True,True,huygens,Clin.,4
1836_left.png,0,0,0,0.5939,0,4.0,8647.0,2,Huygens,True,True,huygens,Clin.,4
17627_right.png,1,1,0,0.7677,0,4.0,8469.0,2,Huygens,False,False,huygens,Clin.,4
1729_right.png,0,0,0,0.7171,0,4.0,7073.0,2,Huygens,True,True,huygens,Clin.,4
15695_right.png,1,1,1,0.6715,1,4.0,11251.0,2,Huygens,True,True,huygens,Clin.,4
1520_right.png,1,1,1,0.7642,1,4.0,7343.0,2,Huygens,True,True,huygens,Clin.,4
14745_right.png,1,1,1,0.639,0,3.0,41672.0,2,Huygens,False,True,huygens,Clin.,4
14689_right.png,1,1,1,0.5178,1,2.0,16328.0,2,Huygens,True,True,huygens,Clin.,4
14086_left.png,0,0,0,0.6984,0,5.0,11779.0,2,Huygens,True,True,huygens,Clin.,4
13490_right.png,1,1,1,0.7744,1,4.0,9274.0,2,Huygens,True,True,huygens,Clin.,4
13490_left.png,1,1,0,0.5231,0,4.0,11057.0,2,Huygens,False,False,huygens,Clin.,4
12358_left.png,0,0,1,0.6017,0,2.0,19851.0,2,Huygens,True,False,huygens,Clin.,4
12089_right.png,2,1,0,0.559,1,3.0,19449.0,2,Huygens,True,False,huygens,Clin.,4
1193_right.png,0,0,1,0.5,0,3.0,10956.0,2,Huygens,True,False,huygens,Clin.,4
11524_right.png,0,0,0,0.5834,0,4.0,12961.0,2,Huygens,True,True,huygens,Clin.,4
1114_right.png,0,0,0,0.6347,0,4.0,7157.0,2,Huygens,True,True,huygens,Clin.,4
1107_right.png,2,1,1,0.5485,1,4.0,17286.0,2,Huygens,True,True,huygens,Clin.,4
10822_left.png,1,1,1,0.504,0,4.0,31007.0,2,Huygens,False,True,huygens,Clin.,4
1022_right.png,1,1,1,0.7638,1,4.0,13047.0,2,Huygens,True,True,huygens,Clin.,4
9782_right.png,1,1,1,0.5905,0,2.0,13365.0,1,Huygens,False,True,huygens,Clin.,4
9427_right.png,2,1,1,0.7691,1,5.0,4874.0,1,Huygens,True,True,huygens,Clin.,4
907_right.png,2,1,0,0.7619,1,2.0,19897.0,1,Huygens,True,False,huygens,Clin.,4
8536_right.png,1,1,1,0.7556,1,3.0,27253.0,1,Huygens,True,True,huygens,Clin.,4
7913_right.png,1,1,1,0.7891,0,4.0,16551.0,1,Huygens,False,True,huygens,Clin.,4
751_left.png,1,1,0,0.6164,0,4.0,6388.0,1,Huygens,False,False,huygens,Clin.,4
695_right.png,2,1,1,0.7819,1,4.0,9014.0,1,Huygens,True,True,huygens,Clin.,4
6200_left.png,2,1,1,0.9085,1,5.0,6847.0,1,Huygens,True,True,huygens,Clin.,4
588_left.png,1,1,0,0.5674,0,4.0,16084.0,1,Huygens,False,False,huygens,Clin.,4
5735_left.png,0,0,0,0.5466,1,2.0,21870.0,1,Huygens,False,True,huygens,Clin.,4
490_right.png,1,1,1,0.6007,0,4.0,7130.0,1,Huygens,False,True,huygens,Clin.,4
4518_right.png,0,0,0,0.5253,1,4.0,8627.0,1,Huygens,False,True,huygens,Clin.,4
4439_left.png,0,0,0,0.5915,1,2.0,18807.0,1,Huygens,False,True,huygens,Clin.,4
43033_right.png,0,0,1,0.5835,1,4.0,12642.0,1,Huygens,False,False,huygens,Clin.,4
42653_left.png,0,0,0,0.5617,0,3.0,12336.0,1,Huygens,True,True,huygens,Clin.,4
38852_left.png,0,0,1,0.6607,1,3.0,11918.0,1,Huygens,False,False,huygens,Clin.,4
3322_left.png,2,1,1,0.5282,1,1.0,23184.0,1,Huygens,True,True,huygens,Clin.,4
33225_right.png,2,1,0,0.5282,1,4.0,11112.0,1,Huygens,True,False,huygens,Clin.,4
32874_right.png,0,0,0,0.7244,1,2.0,18353.0,1,Huygens,False,True,huygens,Clin.,4
31537_right.png,0,0,1,0.5534,1,4.0,7502.0,1,Huygens,False,False,huygens,Clin.,4
29_right.png,0,0,0,0.5976,0,5.0,12866.0,1,Huygens,True,True,huygens,Clin.,4
29105_right.png,2,1,0,0.67,0,3.0,16070.0,1,Huygens,False,False,huygens,Clin.,4
28439_left.png,2,1,0,0.5766,0,4.0,13512.0,1,Huygens,False,False,huygens,Clin.,4
240_right.png,1,1,0,0.6339,1,3.0,12880.0,1,Huygens,True,False,huygens,Clin.,4
23999_right.png,0,0,0,0.6713,0,3.0,12722.0,1,Huygens,True,True,huygens,Clin.,4
23304_right.png,1,1,1,0.5328,1,4.0,18592.0,1,Huygens,True,True,huygens,Clin.,4
22009_left.png,1,1,1,0.5804,0,4.0,8670.0,1,Huygens,False,True,huygens,Clin.,4
21735_left.png,2,1,1,0.7263,1,4.0,18579.0,1,Huygens,True,True,huygens,Clin.,4
21523_right.png,0,0,0,0.6095,0,2.0,29764.0,1,Huygens,True,True,huygens,Clin.,4
21379_right.png,2,1,1,0.5365,1,4.0,11953.0,1,Huygens,True,True,huygens,Clin.,4
20430_right.png,1,1,1,0.6892,1,3.0,13546.0,1,Huygens,True,True,huygens,Clin.,4
20399_left.png,1,1,1,0.5528,0,4.0,8227.0,1,Huygens,False,True,huygens,Clin.,4
20352_right.png,2,1,1,0.7818,1,5.0,6312.0,1,Huygens,True,True,huygens,Clin.,4
19949_left.png,2,1,1,0.8744,1,4.0,9157.0,1,Huygens,True,True,huygens,Clin.,4
19081_right.png,0,0,0,0.6445,0,5.0,46901.0,1,Huygens,True,True,huygens,Clin.,4
18755_right.png,2,1,1,0.7051,1,4.0,15343.0,1,Huygens,True,True,huygens,Clin.,4
18182_left.png,0,0,0,0.7277,0,5.0,25129.0,1,Huygens,True,True,huygens,Clin.,4
18172_left.png,0,0,1,0.6446,1,3.0,18583.0,1,Huygens,False,False,huygens,Clin.,4
17293_left.png,0,0,1,0.5888,0,3.0,14902.0,1,Huygens,True,False,huygens,Clin.,4
17058_right.png,1,1,1,0.5134,0,4.0,28949.0,1,Huygens,False,True,huygens,Clin.,4
16956_right.png,0,0,0,0.6033,0,5.0,18058.0,1,Huygens,True,True,huygens,Clin.,4
16941_left.png,1,1,1,0.5497,1,5.0,11462.0,1,Huygens,True,True,huygens,Clin.,4
16582_left.png,2,1,1,0.689,1,4.0,15336.0,1,Huygens,True,True,huygens,Clin.,4
15883_right.png,2,1,1,0.7274,1,3.0,20771.0,1,Huygens,True,True,huygens,Clin.,4
1578_right.png,2,1,1,0.6254,1,4.0,21743.0,1,Huygens,True,True,huygens,Clin.,4
1556_right.png,1,1,0,0.7238,0,5.0,16482.0,1,Huygens,False,False,huygens,Clin.,4
15390_right.png,2,1,1,0.5549,0,4.0,14733.0,1,Huygens,False,True,huygens,Clin.,4
1469_left.png,2,1,1,0.8485,1,3.0,45097.0,1,Huygens,True,True,huygens,Clin.,4
14418_left.png,0,0,0,0.5842,1,4.0,17780.0,1,Huygens,False,True,huygens,Clin.,4
14231_right.png,0,0,0,0.5319,0,5.0,12617.0,1,Huygens,True,True,huygens,Clin.,4
1369_right.png,1,1,1,0.5242,1,4.0,14072.0,1,Huygens,True,True,huygens,Clin.,4
13643_right.png,1,1,1,0.6331,0,4.0,15376.0,1,Huygens,False,True,huygens,Clin.,4
12480_right.png,2,1,1,0.63,1,3.0,26547.0,1,Huygens,True,True,huygens,Clin.,4
12241_left.png,1,1,0,0.613,0,5.0,9971.0,1,Huygens,False,False,huygens,Clin.,4
12128_right.png,0,0,0,0.6769,1,5.0,12654.0,1,Huygens,False,True,huygens,Clin.,4
11322_right.png,1,1,1,0.5762,1,5.0,15925.0,1,Huygens,True,True,huygens,Clin.,4
10812_left.png,1,1,1,0.7033,1,5.0,10097.0,1,Huygens,True,True,huygens,Clin.,4
10618_left.png,0,0,0,0.665,0,4.0,13750.0,1,Huygens,True,True,huygens,Clin.,4
1034_right.png,2,1,0,0.5214,1,4.0,23391.0,1,Huygens,True,False,huygens,Clin.,4
10232_right.png,1,1,1,0.5973,1,3.0,101332.0,1,Huygens,True,True,huygens,Clin.,4
9423_right.png,1,1,0,0.6195,0,4.0,17511.0,3,being_nothingness,False,False,being-nothingness,Clin.,9
8158_left.png,2,1,0,0.6358,0,3.0,14169.0,3,being_nothingness,False,False,being-nothingness,Clin.,9
7828_right.png,0,0,0,0.6211,0,3.0,18284.0,3,being_nothingness,True,True,being-nothingness,Clin.,9
6974_left.png,1,1,0,0.5338,0,4.0,20426.0,3,being_nothingness,False,False,being-nothingness,Clin.,9
6678_left.png,0,0,0,0.6623,0,4.0,9469.0,3,being_nothingness,True,True,being-nothingness,Clin.,9
5994_left.png,1,1,1,0.7353,1,4.0,7665.0,3,being_nothingness,True,True,being-nothingness,Clin.,9
5966_left.png,0,0,0,0.6046,0,4.0,6909.0,3,being_nothingness,True,True,being-nothingness,Clin.,9
5383_left.png,1,1,1,0.7058,1,1.0,27361.0,3,being_nothingness,True,True,being-nothingness,Clin.,9
44202_left.png,0,0,0,0.5579,0,4.0,17269.0,3,being_nothingness,True,True,being-nothingness,Clin.,9
43539_left.png,2,1,1,0.7572,1,3.0,9222.0,3,being_nothingness,True,True,being-nothingness,Clin.,9
42873_left.png,1,1,1,0.5378,1,1.0,18005.0,3,being_nothingness,True,True,being-nothingness,Clin.,9
42653_right.png,1,1,1,0.72,1,1.0,12874.0,3,being_nothingness,True,True,being-nothingness,Clin.,9
42359_right.png,2,1,0,0.5379,0,3.0,9295.0,3,being_nothingness,False,False,being-nothingness,Clin.,9
42359_left.png,2,1,1,0.5264,1,2.0,13267.0,3,being_nothingness,True,True,being-nothingness,Clin.,9
42349_right.png,2,1,1,0.8125,1,4.0,12550.0,3,being_nothingness,True,True,being-nothingness,Clin.,9
39925_right.png,1,1,1,0.5555,0,1.0,36364.0,3,being_nothingness,False,True,being-nothingness,Clin.,9
38850_left.png,2,1,0,0.5975,0,4.0,13193.0,3,being_nothingness,False,False,being-nothingness,Clin.,9
37658_left.png,0,0,0,0.756,0,5.0,16173.0,3,being_nothingness,True,True,being-nothingness,Clin.,9
36591_right.png,0,0,0,0.6609,0,3.0,10528.0,3,being_nothingness,True,True,being-nothingness,Clin.,9
36280_right.png,1,1,1,0.6044,1,3.0,26136.0,3,being_nothingness,True,True,being-nothingness,Clin.,9
36121_right.png,1,1,1,0.5192,0,2.0,21015.0,3,being_nothingness,False,True,being-nothingness,Clin.,9
34405_right.png,2,1,0,0.5582,0,4.0,11059.0,3,being_nothingness,False,False,being-nothingness,Clin.,9
3363_right.png,2,1,1,0.5603,0,1.0,13712.0,3,being_nothingness,False,True,being-nothingness,Clin.,9
30221_left.png,1,1,1,0.5759,0,1.0,13805.0,3,being_nothingness,False,True,being-nothingness,Clin.,9
30086_right.png,0,0,0,0.7292,0,3.0,25406.0,3,being_nothingness,True,True,being-nothingness,Clin.,9
30032_left.png,0,0,1,0.5287,1,2.0,15422.0,3,being_nothingness,False,False,being-nothingness,Clin.,9
29367_left.png,1,1,1,0.5351,0,2.0,19512.0,3,being_nothingness,False,True,being-nothingness,Clin.,9
28785_right.png,0,0,1,0.6174,0,1.0,21680.0,3,being_nothingness,True,False,being-nothingness,Clin.,9
26841_left.png,2,1,1,0.9617,1,4.0,47497.0,3,being_nothingness,True,True,being-nothingness,Clin.,9
26499_right.png,0,0,0,0.5421,0,3.0,6209.0,3,being_nothingness,True,True,being-nothingness,Clin.,9
26483_left.png,2,1,1,0.5713,1,1.0,6298.0,3,being_nothingness,True,True,being-nothingness,Clin.,9
25744_left.png,0,0,0,0.7611,0,4.0,8438.0,3,being_nothingness,True,True,being-nothingness,Clin.,9
25741_left.png,2,1,1,0.9505,1,4.0,14164.0,3,being_nothingness,True,True,being-nothingness,Clin.,9
2477_left.png,0,0,0,0.6038,0,5.0,13086.0,3,being_nothingness,True,True,being-nothingness,Clin.,9
24547_right.png,1,1,1,0.5586,1,1.0,8209.0,3,being_nothingness,True,True,being-nothingness,Clin.,9
236_right.png,0,0,1,0.5766,1,1.0,11133.0,3,being_nothingness,False,False,being-nothingness,Clin.,9
23333_left.png,1,1,0,0.6039,0,3.0,19581.0,3,being_nothingness,False,False,being-nothingness,Clin.,9
22954_left.png,2,1,1,0.936,1,4.0,23155.0,3,being_nothingness,True,True,being-nothingness,Clin.,9
22685_right.png,2,1,1,0.8413,1,,19450.0,3,being_nothingness,True,True,being-nothingness,Clin.,9
22371_right.png,0,0,0,0.725,0,4.0,6933.0,3,being_nothingness,True,True,being-nothingness,Clin.,9
21666_left.png,2,1,0,0.54,0,2.0,15173.0,3,being_nothingness,False,False,being-nothingness,Clin.,9
21491_left.png,0,0,0,0.7083,0,5.0,11683.0,3,being_nothingness,True,True,being-nothingness,Clin.,9
20489_left.png,0,0,1,0.5809,1,2.0,26778.0,3,being_nothingness,False,False,being-nothingness,Clin.,9
20361_left.png,2,1,1,0.6111,1,4.0,81485.0,3,being_nothingness,True,True,being-nothingness,Clin.,9
19774_left.png,1,1,1,0.8802,1,4.0,8259.0,3,being_nothingness,True,True,being-nothingness,Clin.,9
19755_left.png,1,1,0,0.537,0,3.0,6896.0,3,being_nothingness,False,False,being-nothingness,Clin.,9
18727_right.png,1,1,1,0.5616,0,2.0,12186.0,3,being_nothingness,False,True,being-nothingness,Clin.,9
17293_right.png,0,0,1,0.5151,0,2.0,11623.0,3,being_nothingness,True,False,being-nothingness,Clin.,9
171_left.png,0,0,0,0.6035,0,2.0,15339.0,3,being_nothingness,True,True,being-nothingness,Clin.,9
17030_right.png,1,1,1,0.5218,0,2.0,9608.0,3,being_nothingness,False,True,being-nothingness,Clin.,9
16881_left.png,2,1,1,0.8047,1,4.0,14568.0,3,being_nothingness,True,True,being-nothingness,Clin.,9
16582_right.png,2,1,1,0.7927,1,4.0,60958.0,3,being_nothingness,True,True,being-nothingness,Clin.,9
16501_right.png,0,0,0,0.6066,0,4.0,125318.0,3,being_nothingness,True,True,being-nothingness,Clin.,9
157_right.png,0,0,0,0.7107,0,4.0,11202.0,3,being_nothingness,True,True,being-nothingness,Clin.,9
15523_left.png,2,1,1,0.8579,1,4.0,10525.0,3,being_nothingness,True,True,being-nothingness,Clin.,9
14309_left.png,2,1,1,0.9676,1,5.0,32256.0,3,being_nothingness,True,True,being-nothingness,Clin.,9
13926_left.png,1,1,1,0.6745,0,4.0,54167.0,3,being_nothingness,False,True,being-nothingness,Clin.,9
12078_left.png,1,1,0,0.6336,0,5.0,19380.0,3,being_nothingness,False,False,being-nothingness,Clin.,9
11167_right.png,1,1,1,0.9108,1,4.0,13498.0,3,being_nothingness,True,True,being-nothingness,Clin.,9
1034_left.png,2,1,1,0.6058,1,4.0,198235.0,3,being_nothingness,True,True,being-nothingness,Clin.,9
9456_right.png,1,1,1,0.7024,1,1.0,40605.0,2,being_nothingness,True,True,being-nothingness,Clin.,9
8810_left.png,0,0,1,0.5399,0,1.0,84373.0,2,being_nothingness,True,False,being-nothingness,Clin.,9
7513_left.png,1,1,1,0.7175,0,1.0,32234.0,2,being_nothingness,False,True,being-nothingness,Clin.,9
7091_left.png,0,0,0,0.5908,0,4.0,11397.0,2,being_nothingness,True,True,being-nothingness,Clin.,9
5559_right.png,1,1,1,0.5338,0,2.0,20813.0,2,being_nothingness,False,True,being-nothingness,Clin.,9
5125_right.png,1,1,0,0.6514,0,5.0,22986.0,2,being_nothingness,False,False,being-nothingness,Clin.,9
5114_right.png,1,1,1,0.6821,1,2.0,10238.0,2,being_nothingness,True,True,being-nothingness,Clin.,9
5059_left.png,0,0,1,0.5319,1,2.0,15363.0,2,being_nothingness,False,False,being-nothingness,Clin.,9
4784_right.png,0,0,0,0.6465,0,5.0,95702.0,2,being_nothingness,True,True,being-nothingness,Clin.,9
4507_left.png,0,0,0,0.6369,0,4.0,10657.0,2,being_nothingness,True,True,being-nothingness,Clin.,9
42732_left.png,2,1,1,0.7583,1,3.0,16321.0,2,being_nothingness,True,True,being-nothingness,Clin.,9
42678_left.png,2,1,0,0.6175,0,5.0,11241.0,2,being_nothingness,False,False,being-nothingness,Clin.,9
41725_left.png,2,1,1,0.5293,1,2.0,25433.0,2,being_nothingness,True,True,being-nothingness,Clin.,9
41514_left.png,2,1,1,0.7439,1,3.0,6686.0,2,being_nothingness,True,True,being-nothingness,Clin.,9
40138_right.png,2,1,1,0.9107,1,4.0,10915.0,2,being_nothingness,True,True,being-nothingness,Clin.,9
38850_right.png,2,1,0,0.5327,0,4.0,14710.0,2,being_nothingness,False,False,being-nothingness,Clin.,9
37493_right.png,2,1,1,0.8242,1,3.0,12140.0,2,being_nothingness,True,True,being-nothingness,Clin.,9
37084_left.png,2,1,1,0.7335,1,3.0,12039.0,2,being_nothingness,True,True,being-nothingness,Clin.,9
3666_left.png,2,1,1,0.9078,1,4.0,12533.0,2,being_nothingness,True,True,being-nothingness,Clin.,9
3655_right.png,0,0,0,0.5499,0,4.0,17685.0,2,being_nothingness,True,True,being-nothingness,Clin.,9
36121_left.png,1,1,0,0.5458,0,4.0,92320.0,2,being_nothingness,False,False,being-nothingness,Clin.,9
35755_right.png,2,1,0,0.5972,1,2.0,23935.0,2,being_nothingness,True,False,being-nothingness,Clin.,9
3567_left.png,0,0,0,0.7144,0,4.0,8905.0,2,being_nothingness,True,True,being-nothingness,Clin.,9
35047_right.png,1,1,1,0.638,1,3.0,13807.0,2,being_nothingness,True,True,being-nothingness,Clin.,9
32509_right.png,2,1,1,0.5907,1,2.0,19568.0,2,being_nothingness,True,True,being-nothingness,Clin.,9
32271_right.png,2,1,1,0.7486,1,4.0,10086.0,2,being_nothingness,True,True,being-nothingness,Clin.,9
31723_left.png,2,1,0,0.5614,0,3.0,17500.0,2,being_nothingness,False,False,being-nothingness,Clin.,9
3161_right.png,0,0,0,0.6625,0,3.0,95741.0,2,being_nothingness,True,True,being-nothingness,Clin.,9
3110_right.png,0,0,1,0.6428,0,2.0,26010.0,2,being_nothingness,True,False,being-nothingness,Clin.,9
29885_right.png,2,1,1,0.8573,1,3.0,14217.0,2,being_nothingness,True,True,being-nothingness,Clin.,9
27969_left.png,1,1,1,0.5127,1,2.0,8950.0,2,being_nothingness,True,True,being-nothingness,Clin.,9
26878_left.png,2,1,1,0.9131,1,4.0,11769.0,2,being_nothingness,True,True,being-nothingness,Clin.,9
26411_right.png,2,1,1,0.6534,1,2.0,44543.0,2,being_nothingness,True,True,being-nothingness,Clin.,9
25013_left.png,0,0,0,0.7609,0,4.0,13133.0,2,being_nothingness,True,True,being-nothingness,Clin.,9
24655_right.png,1,1,1,0.6041,1,2.0,26106.0,2,being_nothingness,True,True,being-nothingness,Clin.,9
23531_right.png,2,1,1,0.5387,1,2.0,59297.0,2,being_nothingness,True,True,being-nothingness,Clin.,9
23286_right.png,2,1,1,0.5955,1,3.0,17137.0,2,being_nothingness,True,True,being-nothingness,Clin.,9
23286_left.png,1,1,0,0.5136,0,3.0,23051.0,2,being_nothingness,False,False,being-nothingness,Clin.,9
228_left.png,0,0,0,0.5479,0,4.0,11799.0,2,being_nothingness,True,True,being-nothingness,Clin.,9
19455_left.png,0,0,0,0.6934,0,4.0,17052.0,2,being_nothingness,True,True,being-nothingness,Clin.,9
193_right.png,1,1,1,0.6417,1,1.0,27744.0,2,being_nothingness,True,True,being-nothingness,Clin.,9
19349_left.png,0,0,0,0.6593,0,4.0,200203.0,2,being_nothingness,True,True,being-nothingness,Clin.,9
1836_left.png,0,0,0,0.5939,0,3.0,55878.0,2,being_nothingness,True,True,being-nothingness,Clin.,9
17627_right.png,1,1,0,0.7677,0,4.0,12260.0,2,being_nothingness,False,False,being-nothingness,Clin.,9
1729_right.png,0,0,0,0.7171,0,4.0,71747.0,2,being_nothingness,True,True,being-nothingness,Clin.,9
15695_right.png,1,1,1,0.6715,0,2.0,27706.0,2,being_nothingness,False,True,being-nothingness,Clin.,9
1520_right.png,1,1,1,0.7642,1,3.0,13914.0,2,being_nothingness,True,True,being-nothingness,Clin.,9
14745_right.png,1,1,1,0.639,0,3.0,50361.0,2,being_nothingness,False,True,being-nothingness,Clin.,9
14689_right.png,1,1,1,0.5178,0,3.0,24120.0,2,being_nothingness,False,True,being-nothingness,Clin.,9
14086_left.png,0,0,0,0.6984,0,5.0,18607.0,2,being_nothingness,True,True,being-nothingness,Clin.,9
13490_right.png,1,1,1,0.7744,0,2.0,454466.0,2,being_nothingness,False,True,being-nothingness,Clin.,9
13490_left.png,1,1,0,0.5231,0,2.0,289126.0,2,being_nothingness,False,False,being-nothingness,Clin.,9
12358_left.png,0,0,1,0.6017,0,2.0,27813.0,2,being_nothingness,True,False,being-nothingness,Clin.,9
12089_right.png,2,1,0,0.559,0,3.0,10503.0,2,being_nothingness,False,False,being-nothingness,Clin.,9
1193_right.png,0,0,1,0.5,0,3.0,68528.0,2,being_nothingness,True,False,being-nothingness,Clin.,9
11524_right.png,0,0,0,0.5834,0,4.0,21466.0,2,being_nothingness,True,True,being-nothingness,Clin.,9
1114_right.png,0,0,0,0.6347,0,4.0,30234.0,2,being_nothingness,True,True,being-nothingness,Clin.,9
1107_right.png,2,1,1,0.5485,1,2.0,42257.0,2,being_nothingness,True,True,being-nothingness,Clin.,9
10822_left.png,1,1,1,0.504,0,4.0,63142.0,2,being_nothingness,False,True,being-nothingness,Clin.,9
1022_right.png,1,1,1,0.7638,1,3.0,55421.0,2,being_nothingness,True,True,being-nothingness,Clin.,9
9782_right.png,1,1,1,0.5905,1,4.0,18980.0,1,being_nothingness,True,True,being-nothingness,Clin.,9
9427_right.png,2,1,1,0.7691,1,4.0,9704.0,1,being_nothingness,True,True,being-nothingness,Clin.,9
907_right.png,2,1,0,0.7619,0,2.0,56887.0,1,being_nothingness,False,False,being-nothingness,Clin.,9
8536_right.png,1,1,1,0.7556,1,3.0,33432.0,1,being_nothingness,True,True,being-nothingness,Clin.,9
7913_right.png,1,1,1,0.7891,0,3.0,19807.0,1,being_nothingness,False,True,being-nothingness,Clin.,9
751_left.png,1,1,0,0.6164,0,3.0,27059.0,1,being_nothingness,False,False,being-nothingness,Clin.,9
695_right.png,2,1,1,0.7819,1,4.0,14252.0,1,being_nothingness,True,True,being-nothingness,Clin.,9
6200_left.png,2,1,1,0.9085,1,5.0,13466.0,1,being_nothingness,True,True,being-nothingness,Clin.,9
588_left.png,1,1,0,0.5674,0,4.0,22112.0,1,being_nothingness,False,False,being-nothingness,Clin.,9
5735_left.png,0,0,0,0.5466,0,4.0,11138.0,1,being_nothingness,True,True,being-nothingness,Clin.,9
490_right.png,1,1,1,0.6007,1,1.0,35358.0,1,being_nothingness,True,True,being-nothingness,Clin.,9
4518_right.png,0,0,0,0.5253,1,3.0,28289.0,1,being_nothingness,False,True,being-nothingness,Clin.,9
4439_left.png,0,0,0,0.5915,1,3.0,36704.0,1,being_nothingness,False,True,being-nothingness,Clin.,9
43033_right.png,0,0,1,0.5835,1,2.0,67595.0,1,being_nothingness,False,False,being-nothingness,Clin.,9
42653_left.png,0,0,0,0.5617,0,4.0,13171.0,1,being_nothingness,True,True,being-nothingness,Clin.,9
38852_left.png,0,0,1,0.6607,0,2.0,28103.0,1,being_nothingness,True,False,being-nothingness,Clin.,9
3322_left.png,2,1,1,0.5282,1,2.0,12876.0,1,being_nothingness,True,True,being-nothingness,Clin.,9
33225_right.png,2,1,0,0.5282,0,2.0,47419.0,1,being_nothingness,False,False,being-nothingness,Clin.,9
32874_right.png,0,0,0,0.7244,1,3.0,7791.0,1,being_nothingness,False,True,being-nothingness,Clin.,9
31537_right.png,0,0,1,0.5534,1,3.0,212053.0,1,being_nothingness,False,False,being-nothingness,Clin.,9
29_right.png,0,0,0,0.5976,0,5.0,12988.0,1,being_nothingness,True,True,being-nothingness,Clin.,9
29105_right.png,2,1,0,0.67,0,4.0,19844.0,1,being_nothingness,False,False,being-nothingness,Clin.,9
28439_left.png,2,1,0,0.5766,0,3.0,28115.0,1,being_nothingness,False,False,being-nothingness,Clin.,9
240_right.png,1,1,0,0.6339,0,2.0,57020.0,1,being_nothingness,False,False,being-nothingness,Clin.,9
23999_right.png,0,0,0,0.6713,0,5.0,17034.0,1,being_nothingness,True,True,being-nothingness,Clin.,9
23304_right.png,1,1,1,0.5328,1,3.0,187076.0,1,being_nothingness,True,True,being-nothingness,Clin.,9
22009_left.png,1,1,1,0.5804,1,2.0,21207.0,1,being_nothingness,True,True,being-nothingness,Clin.,9
21735_left.png,2,1,1,0.7263,1,4.0,13135.0,1,being_nothingness,True,True,being-nothingness,Clin.,9
21523_right.png,0,0,0,0.6095,0,4.0,17063.0,1,being_nothingness,True,True,being-nothingness,Clin.,9
21379_right.png,2,1,1,0.5365,1,4.0,1231130.0,1,being_nothingness,True,True,being-nothingness,Clin.,9
20430_right.png,1,1,1,0.6892,1,3.0,14933.0,1,being_nothingness,True,True,being-nothingness,Clin.,9
20399_left.png,1,1,1,0.5528,0,5.0,23282.0,1,being_nothingness,False,True,being-nothingness,Clin.,9
20352_right.png,2,1,1,0.7818,1,4.0,14180.0,1,being_nothingness,True,True,being-nothingness,Clin.,9
19949_left.png,2,1,1,0.8744,1,4.0,20640.0,1,being_nothingness,True,True,being-nothingness,Clin.,9
19081_right.png,0,0,0,0.6445,0,4.0,31761.0,1,being_nothingness,True,True,being-nothingness,Clin.,9
18755_right.png,2,1,1,0.7051,1,3.0,29003.0,1,being_nothingness,True,True,being-nothingness,Clin.,9
18182_left.png,0,0,0,0.7277,0,5.0,9752.0,1,being_nothingness,True,True,being-nothingness,Clin.,9
18172_left.png,0,0,1,0.6446,1,2.0,21440.0,1,being_nothingness,False,False,being-nothingness,Clin.,9
17293_left.png,0,0,1,0.5888,1,2.0,16531.0,1,being_nothingness,False,False,being-nothingness,Clin.,9
17058_right.png,1,1,1,0.5134,0,4.0,21693.0,1,being_nothingness,False,True,being-nothingness,Clin.,9
16956_right.png,0,0,0,0.6033,0,5.0,20038.0,1,being_nothingness,True,True,being-nothingness,Clin.,9
16941_left.png,1,1,1,0.5497,1,2.0,22125.0,1,being_nothingness,True,True,being-nothingness,Clin.,9
16582_left.png,2,1,1,0.689,1,3.0,21063.0,1,being_nothingness,True,True,being-nothingness,Clin.,9
15883_right.png,2,1,1,0.7274,0,4.0,13348.0,1,being_nothingness,False,True,being-nothingness,Clin.,9
1578_right.png,2,1,1,0.6254,0,2.0,80760.0,1,being_nothingness,False,True,being-nothingness,Clin.,9
1556_right.png,1,1,0,0.7238,0,5.0,13919.0,1,being_nothingness,False,False,being-nothingness,Clin.,9
15390_right.png,2,1,1,0.5549,0,4.0,9686.0,1,being_nothingness,False,True,being-nothingness,Clin.,9
1469_left.png,2,1,1,0.8485,1,3.0,18650.0,1,being_nothingness,True,True,being-nothingness,Clin.,9
14418_left.png,0,0,0,0.5842,0,4.0,9381.0,1,being_nothingness,True,True,being-nothingness,Clin.,9
14231_right.png,0,0,0,0.5319,0,5.0,15250.0,1,being_nothingness,True,True,being-nothingness,Clin.,9
1369_right.png,1,1,1,0.5242,1,3.0,12040.0,1,being_nothingness,True,True,being-nothingness,Clin.,9
13643_right.png,1,1,1,0.6331,0,4.0,19427.0,1,being_nothingness,False,True,being-nothingness,Clin.,9
12480_right.png,2,1,1,0.63,0,4.0,31879.0,1,being_nothingness,False,True,being-nothingness,Clin.,9
12241_left.png,1,1,0,0.613,0,4.0,18544.0,1,being_nothingness,False,False,being-nothingness,Clin.,9
12128_right.png,0,0,0,0.6769,1,2.0,34009.0,1,being_nothingness,False,True,being-nothingness,Clin.,9
11322_right.png,1,1,1,0.5762,0,4.0,12308.0,1,being_nothingness,False,True,being-nothingness,Clin.,9
10812_left.png,1,1,1,0.7033,1,3.0,38550.0,1,being_nothingness,True,True,being-nothingness,Clin.,9
10618_left.png,0,0,0,0.665,0,5.0,10384.0,1,being_nothingness,True,True,being-nothingness,Clin.,9
1034_right.png,2,1,0,0.5214,0,3.0,201230.0,1,being_nothingness,False,False,being-nothingness,Clin.,9
10232_right.png,1,1,1,0.5973,0,4.0,21046.0,1,being_nothingness,False,True,being-nothingness,Clin.,9
9423_right.png,1,1,0,0.6195,1,3.0,19618.0,3,sib_mar,True,False,sib-mar,Clin.,17
8158_left.png,2,1,0,0.6358,0,3.0,11695.0,3,sib_mar,False,False,sib-mar,Clin.,17
7828_right.png,0,0,0,0.6211,0,3.0,10486.0,3,sib_mar,True,True,sib-mar,Clin.,17
6974_left.png,1,1,0,0.5338,0,3.0,11993.0,3,sib_mar,False,False,sib-mar,Clin.,17
6678_left.png,0,0,0,0.6623,0,3.0,19372.0,3,sib_mar,True,True,sib-mar,Clin.,17
5994_left.png,1,1,1,0.7353,1,4.0,12571.0,3,sib_mar,True,True,sib-mar,Clin.,17
5966_left.png,0,0,0,0.6046,0,3.0,10943.0,3,sib_mar,True,True,sib-mar,Clin.,17
5383_left.png,1,1,1,0.7058,1,3.0,10518.0,3,sib_mar,True,True,sib-mar,Clin.,17
44202_left.png,0,0,0,0.5579,0,4.0,12729.0,3,sib_mar,True,True,sib-mar,Clin.,17
43539_left.png,2,1,1,0.7572,1,4.0,13649.0,3,sib_mar,True,True,sib-mar,Clin.,17
42873_left.png,1,1,1,0.5378,1,3.0,13093.0,3,sib_mar,True,True,sib-mar,Clin.,17
42653_right.png,1,1,1,0.72,1,4.0,10709.0,3,sib_mar,True,True,sib-mar,Clin.,17
42359_right.png,2,1,0,0.5379,1,4.0,11785.0,3,sib_mar,True,False,sib-mar,Clin.,17
42359_left.png,2,1,1,0.5264,1,4.0,9436.0,3,sib_mar,True,True,sib-mar,Clin.,17
42349_right.png,2,1,1,0.8125,1,4.0,9068.0,3,sib_mar,True,True,sib-mar,Clin.,17
39925_right.png,1,1,1,0.5555,1,3.0,10631.0,3,sib_mar,True,True,sib-mar,Clin.,17
38850_left.png,2,1,0,0.5975,0,3.0,10155.0,3,sib_mar,False,False,sib-mar,Clin.,17
37658_left.png,0,0,0,0.756,0,4.0,9220.0,3,sib_mar,True,True,sib-mar,Clin.,17
36591_right.png,0,0,0,0.6609,0,4.0,9974.0,3,sib_mar,True,True,sib-mar,Clin.,17
36280_right.png,1,1,1,0.6044,1,4.0,10061.0,3,sib_mar,True,True,sib-mar,Clin.,17
36121_right.png,1,1,1,0.5192,1,3.0,16289.0,3,sib_mar,True,True,sib-mar,Clin.,17
34405_right.png,2,1,0,0.5582,0,3.0,10518.0,3,sib_mar,False,False,sib-mar,Clin.,17
3363_right.png,2,1,1,0.5603,0,3.0,9565.0,3,sib_mar,False,True,sib-mar,Clin.,17
30221_left.png,1,1,1,0.5759,1,3.0,14679.0,3,sib_mar,True,True,sib-mar,Clin.,17
30086_right.png,0,0,0,0.7292,0,4.0,14010.0,3,sib_mar,True,True,sib-mar,Clin.,17
30032_left.png,0,0,1,0.5287,1,4.0,12213.0,3,sib_mar,False,False,sib-mar,Clin.,17
29367_left.png,1,1,1,0.5351,1,4.0,10419.0,3,sib_mar,True,True,sib-mar,Clin.,17
28785_right.png,0,0,1,0.6174,0,3.0,17625.0,3,sib_mar,True,False,sib-mar,Clin.,17
26841_left.png,2,1,1,0.9617,1,4.0,9600.0,3,sib_mar,True,True,sib-mar,Clin.,17
26499_right.png,0,0,0,0.5421,0,4.0,14711.0,3,sib_mar,True,True,sib-mar,Clin.,17
26483_left.png,2,1,1,0.5713,1,3.0,16324.0,3,sib_mar,True,True,sib-mar,Clin.,17
25744_left.png,0,0,0,0.7611,0,3.0,25333.0,3,sib_mar,True,True,sib-mar,Clin.,17
25741_left.png,2,1,1,0.9505,1,4.0,17758.0,3,sib_mar,True,True,sib-mar,Clin.,17
2477_left.png,0,0,0,0.6038,0,3.0,9656.0,3,sib_mar,True,True,sib-mar,Clin.,17
24547_right.png,1,1,1,0.5586,1,3.0,26438.0,3,sib_mar,True,True,sib-mar,Clin.,17
236_right.png,0,0,1,0.5766,1,3.0,25040.0,3,sib_mar,False,False,sib-mar,Clin.,17
23333_left.png,1,1,0,0.6039,0,3.0,17851.0,3,sib_mar,False,False,sib-mar,Clin.,17
22954_left.png,2,1,1,0.936,1,5.0,9219.0,3,sib_mar,True,True,sib-mar,Clin.,17
22685_right.png,2,1,1,0.8413,1,3.0,9064.0,3,sib_mar,True,True,sib-mar,Clin.,17
22371_right.png,0,0,0,0.725,0,3.0,9366.0,3,sib_mar,True,True,sib-mar,Clin.,17
21666_left.png,2,1,0,0.54,1,3.0,17514.0,3,sib_mar,True,False,sib-mar,Clin.,17
21491_left.png,0,0,0,0.7083,0,3.0,12299.0,3,sib_mar,True,True,sib-mar,Clin.,17
20489_left.png,0,0,1,0.5809,1,3.0,13941.0,3,sib_mar,False,False,sib-mar,Clin.,17
20361_left.png,2,1,1,0.6111,1,3.0,9974.0,3,sib_mar,True,True,sib-mar,Clin.,17
19774_left.png,1,1,1,0.8802,1,3.0,8963.0,3,sib_mar,True,True,sib-mar,Clin.,17
19755_left.png,1,1,0,0.537,1,3.0,10905.0,3,sib_mar,True,False,sib-mar,Clin.,17
18727_right.png,1,1,1,0.5616,1,3.0,55734.0,3,sib_mar,True,True,sib-mar,Clin.,17
17293_right.png,0,0,1,0.5151,0,3.0,15291.0,3,sib_mar,True,False,sib-mar,Clin.,17
171_left.png,0,0,0,0.6035,0,3.0,13537.0,3,sib_mar,True,True,sib-mar,Clin.,17
17030_right.png,1,1,1,0.5218,1,4.0,10182.0,3,sib_mar,True,True,sib-mar,Clin.,17
16881_left.png,2,1,1,0.8047,1,5.0,10704.0,3,sib_mar,True,True,sib-mar,Clin.,17
16582_right.png,2,1,1,0.7927,1,3.0,9588.0,3,sib_mar,True,True,sib-mar,Clin.,17
16501_right.png,0,0,0,0.6066,0,3.0,14764.0,3,sib_mar,True,True,sib-mar,Clin.,17
157_right.png,0,0,0,0.7107,0,4.0,11980.0,3,sib_mar,True,True,sib-mar,Clin.,17
15523_left.png,2,1,1,0.8579,1,4.0,16272.0,3,sib_mar,True,True,sib-mar,Clin.,17
14309_left.png,2,1,1,0.9676,1,5.0,10337.0,3,sib_mar,True,True,sib-mar,Clin.,17
13926_left.png,1,1,1,0.6745,1,3.0,23192.0,3,sib_mar,True,True,sib-mar,Clin.,17
12078_left.png,1,1,0,0.6336,0,3.0,13926.0,3,sib_mar,False,False,sib-mar,Clin.,17
11167_right.png,1,1,1,0.9108,1,4.0,11006.0,3,sib_mar,True,True,sib-mar,Clin.,17
1034_left.png,2,1,1,0.6058,1,4.0,18762.0,3,sib_mar,True,True,sib-mar,Clin.,17
9456_right.png,1,1,1,0.7024,1,3.0,16133.0,2,sib_mar,True,True,sib-mar,Clin.,17
8810_left.png,0,0,1,0.5399,0,3.0,14579.0,2,sib_mar,True,False,sib-mar,Clin.,17
7513_left.png,1,1,1,0.7175,0,3.0,20615.0,2,sib_mar,False,True,sib-mar,Clin.,17
7091_left.png,0,0,0,0.5908,0,3.0,15197.0,2,sib_mar,True,True,sib-mar,Clin.,17
5559_right.png,1,1,1,0.5338,0,3.0,20720.0,2,sib_mar,False,True,sib-mar,Clin.,17
5125_right.png,1,1,0,0.6514,0,4.0,8687.0,2,sib_mar,False,False,sib-mar,Clin.,17
5114_right.png,1,1,1,0.6821,1,3.0,32256.0,2,sib_mar,True,True,sib-mar,Clin.,17
5059_left.png,0,0,1,0.5319,1,4.0,24748.0,2,sib_mar,False,False,sib-mar,Clin.,17
4784_right.png,0,0,0,0.6465,0,4.0,16814.0,2,sib_mar,True,True,sib-mar,Clin.,17
4507_left.png,0,0,0,0.6369,0,3.0,16559.0,2,sib_mar,True,True,sib-mar,Clin.,17
42732_left.png,2,1,1,0.7583,1,3.0,37608.0,2,sib_mar,True,True,sib-mar,Clin.,17
42678_left.png,2,1,0,0.6175,0,4.0,9774.0,2,sib_mar,False,False,sib-mar,Clin.,17
41725_left.png,2,1,1,0.5293,1,3.0,11101.0,2,sib_mar,True,True,sib-mar,Clin.,17
41514_left.png,2,1,1,0.7439,1,3.0,12068.0,2,sib_mar,True,True,sib-mar,Clin.,17
40138_right.png,2,1,1,0.9107,1,3.0,9618.0,2,sib_mar,True,True,sib-mar,Clin.,17
38850_right.png,2,1,0,0.5327,0,3.0,11822.0,2,sib_mar,False,False,sib-mar,Clin.,17
37493_right.png,2,1,1,0.8242,1,4.0,10227.0,2,sib_mar,True,True,sib-mar,Clin.,17
37084_left.png,2,1,1,0.7335,1,4.0,13435.0,2,sib_mar,True,True,sib-mar,Clin.,17
3666_left.png,2,1,1,0.9078,1,4.0,11089.0,2,sib_mar,True,True,sib-mar,Clin.,17
3655_right.png,0,0,0,0.5499,0,4.0,13547.0,2,sib_mar,True,True,sib-mar,Clin.,17
36121_left.png,1,1,0,0.5458,0,,21721.0,2,sib_mar,False,False,sib-mar,Clin.,17
35755_right.png,2,1,0,0.5972,1,3.0,15842.0,2,sib_mar,True,False,sib-mar,Clin.,17
3567_left.png,0,0,0,0.7144,0,3.0,12438.0,2,sib_mar,True,True,sib-mar,Clin.,17
35047_right.png,1,1,1,0.638,1,3.0,13959.0,2,sib_mar,True,True,sib-mar,Clin.,17
32509_right.png,2,1,1,0.5907,1,4.0,13246.0,2,sib_mar,True,True,sib-mar,Clin.,17
32271_right.png,2,1,1,0.7486,1,4.0,10482.0,2,sib_mar,True,True,sib-mar,Clin.,17
31723_left.png,2,1,0,0.5614,0,3.0,15301.0,2,sib_mar,False,False,sib-mar,Clin.,17
3161_right.png,0,0,0,0.6625,0,3.0,14700.0,2,sib_mar,True,True,sib-mar,Clin.,17
3110_right.png,0,0,1,0.6428,0,3.0,25498.0,2,sib_mar,True,False,sib-mar,Clin.,17
29885_right.png,2,1,1,0.8573,1,3.0,12436.0,2,sib_mar,True,True,sib-mar,Clin.,17
27969_left.png,1,1,1,0.5127,1,3.0,13281.0,2,sib_mar,True,True,sib-mar,Clin.,17
26878_left.png,2,1,1,0.9131,1,4.0,14663.0,2,sib_mar,True,True,sib-mar,Clin.,17
26411_right.png,2,1,1,0.6534,1,3.0,12835.0,2,sib_mar,True,True,sib-mar,Clin.,17
25013_left.png,0,0,0,0.7609,0,3.0,14694.0,2,sib_mar,True,True,sib-mar,Clin.,17
24655_right.png,1,1,1,0.6041,1,3.0,13532.0,2,sib_mar,True,True,sib-mar,Clin.,17
23531_right.png,2,1,1,0.5387,1,3.0,11626.0,2,sib_mar,True,True,sib-mar,Clin.,17
23286_right.png,2,1,1,0.5955,1,3.0,14010.0,2,sib_mar,True,True,sib-mar,Clin.,17
23286_left.png,1,1,0,0.5136,1,3.0,14531.0,2,sib_mar,True,False,sib-mar,Clin.,17
228_left.png,0,0,0,0.5479,0,3.0,12303.0,2,sib_mar,True,True,sib-mar,Clin.,17
19455_left.png,0,0,0,0.6934,0,4.0,21170.0,2,sib_mar,True,True,sib-mar,Clin.,17
193_right.png,1,1,1,0.6417,1,3.0,14254.0,2,sib_mar,True,True,sib-mar,Clin.,17
19349_left.png,0,0,0,0.6593,0,4.0,11380.0,2,sib_mar,True,True,sib-mar,Clin.,17
1836_left.png,0,0,0,0.5939,1,3.0,15836.0,2,sib_mar,False,True,sib-mar,Clin.,17
17627_right.png,1,1,0,0.7677,0,4.0,11256.0,2,sib_mar,False,False,sib-mar,Clin.,17
1729_right.png,0,0,0,0.7171,0,4.0,10765.0,2,sib_mar,True,True,sib-mar,Clin.,17
15695_right.png,1,1,1,0.6715,1,3.0,39504.0,2,sib_mar,True,True,sib-mar,Clin.,17
1520_right.png,1,1,1,0.7642,1,4.0,17670.0,2,sib_mar,True,True,sib-mar,Clin.,17
14745_right.png,1,1,1,0.639,0,4.0,15465.0,2,sib_mar,False,True,sib-mar,Clin.,17
14689_right.png,1,1,1,0.5178,1,3.0,18004.0,2,sib_mar,True,True,sib-mar,Clin.,17
14086_left.png,0,0,0,0.6984,0,4.0,18439.0,2,sib_mar,True,True,sib-mar,Clin.,17
13490_right.png,1,1,1,0.7744,1,4.0,14988.0,2,sib_mar,True,True,sib-mar,Clin.,17
13490_left.png,1,1,0,0.5231,1,3.0,12325.0,2,sib_mar,True,False,sib-mar,Clin.,17
12358_left.png,0,0,1,0.6017,0,3.0,25360.0,2,sib_mar,True,False,sib-mar,Clin.,17
12089_right.png,2,1,0,0.559,0,4.0,14690.0,2,sib_mar,False,False,sib-mar,Clin.,17
1193_right.png,0,0,1,0.5,1,4.0,9342.0,2,sib_mar,False,False,sib-mar,Clin.,17
11524_right.png,0,0,0,0.5834,0,4.0,33752.0,2,sib_mar,True,True,sib-mar,Clin.,17
1114_right.png,0,0,0,0.6347,0,4.0,13628.0,2,sib_mar,True,True,sib-mar,Clin.,17
1107_right.png,2,1,1,0.5485,1,3.0,16309.0,2,sib_mar,True,True,sib-mar,Clin.,17
10822_left.png,1,1,1,0.504,0,4.0,12071.0,2,sib_mar,False,True,sib-mar,Clin.,17
1022_right.png,1,1,1,0.7638,1,4.0,13848.0,2,sib_mar,True,True,sib-mar,Clin.,17
9782_right.png,1,1,1,0.5905,0,3.0,19074.0,1,sib_mar,False,True,sib-mar,Clin.,17
9427_right.png,2,1,1,0.7691,1,4.0,8179.0,1,sib_mar,True,True,sib-mar,Clin.,17
907_right.png,2,1,0,0.7619,1,2.0,13013.0,1,sib_mar,True,False,sib-mar,Clin.,17
8536_right.png,1,1,1,0.7556,1,4.0,8640.0,1,sib_mar,True,True,sib-mar,Clin.,17
7913_right.png,1,1,1,0.7891,0,3.0,8912.0,1,sib_mar,False,True,sib-mar,Clin.,17
751_left.png,1,1,0,0.6164,0,,8468.0,1,sib_mar,False,False,sib-mar,Clin.,17
695_right.png,2,1,1,0.7819,1,4.0,9473.0,1,sib_mar,True,True,sib-mar,Clin.,17
6200_left.png,2,1,1,0.9085,1,5.0,12201.0,1,sib_mar,True,True,sib-mar,Clin.,17
588_left.png,1,1,0,0.5674,0,4.0,16342.0,1,sib_mar,False,False,sib-mar,Clin.,17
5735_left.png,0,0,0,0.5466,0,3.0,12802.0,1,sib_mar,True,True,sib-mar,Clin.,17
490_right.png,1,1,1,0.6007,1,3.0,10729.0,1,sib_mar,True,True,sib-mar,Clin.,17
4518_right.png,0,0,0,0.5253,1,4.0,10097.0,1,sib_mar,False,True,sib-mar,Clin.,17
4439_left.png,0,0,0,0.5915,0,3.0,11570.0,1,sib_mar,True,True,sib-mar,Clin.,17
43033_right.png,0,0,1,0.5835,0,3.0,19458.0,1,sib_mar,True,False,sib-mar,Clin.,17
42653_left.png,0,0,0,0.5617,0,3.0,12763.0,1,sib_mar,True,True,sib-mar,Clin.,17
38852_left.png,0,0,1,0.6607,1,4.0,9439.0,1,sib_mar,False,False,sib-mar,Clin.,17
3322_left.png,2,1,1,0.5282,1,3.0,10764.0,1,sib_mar,True,True,sib-mar,Clin.,17
33225_right.png,2,1,0,0.5282,1,3.0,14062.0,1,sib_mar,True,False,sib-mar,Clin.,17
32874_right.png,0,0,0,0.7244,1,3.0,10999.0,1,sib_mar,False,True,sib-mar,Clin.,17
31537_right.png,0,0,1,0.5534,1,5.0,11928.0,1,sib_mar,False,False,sib-mar,Clin.,17
29_right.png,0,0,0,0.5976,0,4.0,25663.0,1,sib_mar,True,True,sib-mar,Clin.,17
29105_right.png,2,1,0,0.67,0,3.0,12556.0,1,sib_mar,False,False,sib-mar,Clin.,17
28439_left.png,2,1,0,0.5766,1,3.0,11651.0,1,sib_mar,True,False,sib-mar,Clin.,17
240_right.png,1,1,0,0.6339,1,2.0,59091.0,1,sib_mar,True,False,sib-mar,Clin.,17
23999_right.png,0,0,0,0.6713,0,4.0,14115.0,1,sib_mar,True,True,sib-mar,Clin.,17
23304_right.png,1,1,1,0.5328,1,3.0,65039.0,1,sib_mar,True,True,sib-mar,Clin.,17
22009_left.png,1,1,1,0.5804,0,4.0,14541.0,1,sib_mar,False,True,sib-mar,Clin.,17
21735_left.png,2,1,1,0.7263,1,3.0,10965.0,1,sib_mar,True,True,sib-mar,Clin.,17
21523_right.png,0,0,0,0.6095,1,3.0,10175.0,1,sib_mar,False,True,sib-mar,Clin.,17
21379_right.png,2,1,1,0.5365,1,4.0,10129.0,1,sib_mar,True,True,sib-mar,Clin.,17
20430_right.png,1,1,1,0.6892,1,3.0,15509.0,1,sib_mar,True,True,sib-mar,Clin.,17
20399_left.png,1,1,1,0.5528,0,3.0,85392.0,1,sib_mar,False,True,sib-mar,Clin.,17
20352_right.png,2,1,1,0.7818,1,5.0,27766.0,1,sib_mar,True,True,sib-mar,Clin.,17
19949_left.png,2,1,1,0.8744,1,4.0,12662.0,1,sib_mar,True,True,sib-mar,Clin.,17
19081_right.png,0,0,0,0.6445,0,3.0,16159.0,1,sib_mar,True,True,sib-mar,Clin.,17
18755_right.png,2,1,1,0.7051,1,3.0,13319.0,1,sib_mar,True,True,sib-mar,Clin.,17
18182_left.png,0,0,0,0.7277,0,4.0,10500.0,1,sib_mar,True,True,sib-mar,Clin.,17
18172_left.png,0,0,1,0.6446,1,3.0,21225.0,1,sib_mar,False,False,sib-mar,Clin.,17
17293_left.png,0,0,1,0.5888,1,4.0,18954.0,1,sib_mar,False,False,sib-mar,Clin.,17
17058_right.png,1,1,1,0.5134,0,3.0,30932.0,1,sib_mar,False,True,sib-mar,Clin.,17
16956_right.png,0,0,0,0.6033,0,4.0,18630.0,1,sib_mar,True,True,sib-mar,Clin.,17
16941_left.png,1,1,1,0.5497,1,5.0,14164.0,1,sib_mar,True,True,sib-mar,Clin.,17
16582_left.png,2,1,1,0.689,1,4.0,12094.0,1,sib_mar,True,True,sib-mar,Clin.,17
15883_right.png,2,1,1,0.7274,1,3.0,21080.0,1,sib_mar,True,True,sib-mar,Clin.,17
1578_right.png,2,1,1,0.6254,1,4.0,16183.0,1,sib_mar,True,True,sib-mar,Clin.,17
1556_right.png,1,1,0,0.7238,0,4.0,23178.0,1,sib_mar,False,False,sib-mar,Clin.,17
15390_right.png,2,1,1,0.5549,1,4.0,21201.0,1,sib_mar,True,True,sib-mar,Clin.,17
1469_left.png,2,1,1,0.8485,1,4.0,13326.0,1,sib_mar,True,True,sib-mar,Clin.,17
14418_left.png,0,0,0,0.5842,1,4.0,20312.0,1,sib_mar,False,True,sib-mar,Clin.,17
14231_right.png,0,0,0,0.5319,0,4.0,14604.0,1,sib_mar,True,True,sib-mar,Clin.,17
1369_right.png,1,1,1,0.5242,1,4.0,15245.0,1,sib_mar,True,True,sib-mar,Clin.,17
13643_right.png,1,1,1,0.6331,0,4.0,15330.0,1,sib_mar,False,True,sib-mar,Clin.,17
12480_right.png,2,1,1,0.63,1,4.0,14759.0,1,sib_mar,True,True,sib-mar,Clin.,17
12241_left.png,1,1,0,0.613,1,4.0,14143.0,1,sib_mar,True,False,sib-mar,Clin.,17
12128_right.png,0,0,0,0.6769,1,4.0,10631.0,1,sib_mar,False,True,sib-mar,Clin.,17
11322_right.png,1,1,1,0.5762,1,4.0,17385.0,1,sib_mar,True,True,sib-mar,Clin.,17
10812_left.png,1,1,1,0.7033,1,4.0,10097.0,1,sib_mar,True,True,sib-mar,Clin.,17
10618_left.png,0,0,0,0.665,0,4.0,17192.0,1,sib_mar,True,True,sib-mar,Clin.,17
1034_right.png,2,1,0,0.5214,0,5.0,9797.0,1,sib_mar,False,False,sib-mar,Clin.,17
10232_right.png,1,1,1,0.5973,0,5.0,12522.0,1,sib_mar,False,True,sib-mar,Clin.,17
