img_id,gt_level,gt_level_binary,model_prediction,model_confidence,task,clinician_diagnosis,reaction_time,participant,clinician_experience
9423_right.png,1,1,0,0.6195,3,1,12361.0,clinician_1,5
8158_left.png,2,1,0,0.6358,3,1,8632.0,clinician_1,5
7828_right.png,0,0,0,0.6211,3,0,8212.0,clinician_1,5
6974_left.png,1,1,0,0.5338,3,0,15372.0,clinician_1,5
6678_left.png,0,0,0,0.6623,3,0,6778.0,clinician_1,5
5994_left.png,1,1,1,0.7353,3,1,5451.0,clinician_1,5
5966_left.png,0,0,0,0.6046,3,0,7301.0,clinician_1,5
5383_left.png,1,1,1,0.7058,3,1,9571.0,clinician_1,5
44202_left.png,0,0,0,0.5579,3,0,3914.0,clinician_1,5
43539_left.png,2,1,1,0.7572,3,1,6826.0,clinician_1,5
42873_left.png,1,1,1,0.5378,3,0,19314.0,clinician_1,5
42653_right.png,1,1,1,0.72,3,1,6851.0,clinician_1,5
42359_right.png,2,1,0,0.5379,3,1,3972.0,clinician_1,5
42359_left.png,2,1,1,0.5264,3,1,12990.0,clinician_1,5
42349_right.png,2,1,1,0.8125,3,1,3469.0,clinician_1,5
39925_right.png,1,1,1,0.5555,3,1,6758.0,clinician_1,5
38850_left.png,2,1,0,0.5975,3,0,4881.0,clinician_1,5
37658_left.png,0,0,0,0.756,3,0,7310.0,clinician_1,5
36591_right.png,0,0,0,0.6609,3,0,4192.0,clinician_1,5
36280_right.png,1,1,1,0.6044,3,1,11273.0,clinician_1,5
36121_right.png,1,1,1,0.5192,3,1,3859.0,clinician_1,5
34405_right.png,2,1,0,0.5582,3,0,27627.0,clinician_1,5
3363_right.png,2,1,1,0.5603,3,0,14860.0,clinician_1,5
30221_left.png,1,1,1,0.5759,3,1,3720.0,clinician_1,5
30086_right.png,0,0,0,0.7292,3,0,5349.0,clinician_1,5
30032_left.png,0,0,1,0.5287,3,1,7262.0,clinician_1,5
29367_left.png,1,1,1,0.5351,3,1,5760.0,clinician_1,5
28785_right.png,0,0,1,0.6174,3,1,5631.0,clinician_1,5
26841_left.png,2,1,1,0.9617,3,1,3355.0,clinician_1,5
26499_right.png,0,0,0,0.5421,3,0,6342.0,clinician_1,5
26483_left.png,2,1,1,0.5713,3,1,8942.0,clinician_1,5
25744_left.png,0,0,0,0.7611,3,0,4153.0,clinician_1,5
25741_left.png,2,1,1,0.9505,3,1,3049.0,clinician_1,5
2477_left.png,0,0,0,0.6038,3,0,7390.0,clinician_1,5
24547_right.png,1,1,1,0.5586,3,1,6426.0,clinician_1,5
236_right.png,0,0,1,0.5766,3,0,12354.0,clinician_1,5
23333_left.png,1,1,0,0.6039,3,0,8142.0,clinician_1,5
22954_left.png,2,1,1,0.936,3,1,3641.0,clinician_1,5
22685_right.png,2,1,1,0.8413,3,1,4259.0,clinician_1,5
22371_right.png,0,0,0,0.725,3,0,6040.0,clinician_1,5
21666_left.png,2,1,0,0.54,3,1,26783.0,clinician_1,5
21491_left.png,0,0,0,0.7083,3,0,7839.0,clinician_1,5
20489_left.png,0,0,1,0.5809,3,1,9013.0,clinician_1,5
20361_left.png,2,1,1,0.6111,3,1,4341.0,clinician_1,5
19774_left.png,1,1,1,0.8802,3,1,6151.0,clinician_1,5
19755_left.png,1,1,0,0.537,3,0,29351.0,clinician_1,5
18727_right.png,1,1,1,0.5616,3,1,11625.0,clinician_1,5
17293_right.png,0,0,1,0.5151,3,0,35475.0,clinician_1,5
171_left.png,0,0,0,0.6035,3,0,9142.0,clinician_1,5
17030_right.png,1,1,1,0.5218,3,1,15250.0,clinician_1,5
16881_left.png,2,1,1,0.8047,3,1,5844.0,clinician_1,5
16582_right.png,2,1,1,0.7927,3,1,7738.0,clinician_1,5
16501_right.png,0,0,0,0.6066,3,0,9424.0,clinician_1,5
157_right.png,0,0,0,0.7107,3,0,23704.0,clinician_1,5
15523_left.png,2,1,1,0.8579,3,1,4532.0,clinician_1,5
14309_left.png,2,1,1,0.9676,3,1,4200.0,clinician_1,5
13926_left.png,1,1,1,0.6745,3,1,30447.0,clinician_1,5
12078_left.png,1,1,0,0.6336,3,0,31598.0,clinician_1,5
11167_right.png,1,1,1,0.9108,3,1,10115.0,clinician_1,5
1034_left.png,2,1,1,0.6058,3,1,8793.0,clinician_1,5
9456_right.png,1,1,1,0.7024,2,1,7098.0,clinician_1,5
8810_left.png,0,0,1,0.5399,2,1,18151.0,clinician_1,5
7513_left.png,1,1,1,0.7175,2,1,10724.0,clinician_1,5
7091_left.png,0,0,0,0.5908,2,0,10877.0,clinician_1,5
5559_right.png,1,1,1,0.5338,2,0,12150.0,clinician_1,5
5125_right.png,1,1,0,0.6514,2,0,5761.0,clinician_1,5
5114_right.png,1,1,1,0.6821,2,1,7296.0,clinician_1,5
5059_left.png,0,0,1,0.5319,2,1,3986.0,clinician_1,5
4784_right.png,0,0,0,0.6465,2,0,8182.0,clinician_1,5
4507_left.png,0,0,0,0.6369,2,0,16175.0,clinician_1,5
42732_left.png,2,1,1,0.7583,2,1,8397.0,clinician_1,5
42678_left.png,2,1,0,0.6175,2,0,6445.0,clinician_1,5
41725_left.png,2,1,1,0.5293,2,1,8581.0,clinician_1,5
41514_left.png,2,1,1,0.7439,2,1,6038.0,clinician_1,5
40138_right.png,2,1,1,0.9107,2,1,5734.0,clinician_1,5
38850_right.png,2,1,0,0.5327,2,0,6992.0,clinician_1,5
37493_right.png,2,1,1,0.8242,2,1,5092.0,clinician_1,5
37084_left.png,2,1,1,0.7335,2,1,10760.0,clinician_1,5
3666_left.png,2,1,1,0.9078,2,1,4061.0,clinician_1,5
3655_right.png,0,0,0,0.5499,2,0,4408.0,clinician_1,5
36121_left.png,1,1,0,0.5458,2,0,10289.0,clinician_1,5
35755_right.png,2,1,0,0.5972,2,1,30566.0,clinician_1,5
3567_left.png,0,0,0,0.7144,2,0,4899.0,clinician_1,5
35047_right.png,1,1,1,0.638,2,1,8245.0,clinician_1,5
32509_right.png,2,1,1,0.5907,2,1,6506.0,clinician_1,5
32271_right.png,2,1,1,0.7486,2,1,3811.0,clinician_1,5
31723_left.png,2,1,0,0.5614,2,0,18560.0,clinician_1,5
3161_right.png,0,0,0,0.6625,2,0,5649.0,clinician_1,5
3110_right.png,0,0,1,0.6428,2,1,12469.0,clinician_1,5
29885_right.png,2,1,1,0.8573,2,1,4979.0,clinician_1,5
27969_left.png,1,1,1,0.5127,2,0,12882.0,clinician_1,5
26878_left.png,2,1,1,0.9131,2,1,13361.0,clinician_1,5
26411_right.png,2,1,1,0.6534,2,1,4047.0,clinician_1,5
25013_left.png,0,0,0,0.7609,2,0,14575.0,clinician_1,5
24655_right.png,1,1,1,0.6041,2,0,13322.0,clinician_1,5
23531_right.png,2,1,1,0.5387,2,1,7496.0,clinician_1,5
23286_right.png,2,1,1,0.5955,2,1,7633.0,clinician_1,5
23286_left.png,1,1,0,0.5136,2,1,21742.0,clinician_1,5
228_left.png,0,0,0,0.5479,2,0,20215.0,clinician_1,5
19455_left.png,0,0,0,0.6934,2,0,7246.0,clinician_1,5
193_right.png,1,1,1,0.6417,2,1,6838.0,clinician_1,5
19349_left.png,0,0,0,0.6593,2,0,16535.0,clinician_1,5
1836_left.png,0,0,0,0.5939,2,0,18947.0,clinician_1,5
17627_right.png,1,1,0,0.7677,2,0,5708.0,clinician_1,5
1729_right.png,0,0,0,0.7171,2,0,7414.0,clinician_1,5
15695_right.png,1,1,1,0.6715,2,1,13274.0,clinician_1,5
1520_right.png,1,1,1,0.7642,2,1,8987.0,clinician_1,5
14745_right.png,1,1,1,0.639,2,0,11305.0,clinician_1,5
14689_right.png,1,1,1,0.5178,2,0,13377.0,clinician_1,5
14086_left.png,0,0,0,0.6984,2,0,12379.0,clinician_1,5
13490_right.png,1,1,1,0.7744,2,1,10416.0,clinician_1,5
13490_left.png,1,1,0,0.5231,2,1,24619.0,clinician_1,5
12358_left.png,0,0,1,0.6017,2,1,21306.0,clinician_1,5
12089_right.png,2,1,0,0.559,2,1,27231.0,clinician_1,5
1193_right.png,0,0,1,0.5,2,0,18783.0,clinician_1,5
11524_right.png,0,0,0,0.5834,2,0,35339.0,clinician_1,5
1114_right.png,0,0,0,0.6347,2,0,8592.0,clinician_1,5
1107_right.png,2,1,1,0.5485,2,1,9356.0,clinician_1,5
10822_left.png,1,1,1,0.504,2,0,24921.0,clinician_1,5
1022_right.png,1,1,1,0.7638,2,1,22237.0,clinician_1,5
9782_right.png,1,1,1,0.5905,1,0,14251.0,clinician_1,5
9427_right.png,2,1,1,0.7691,1,1,3726.0,clinician_1,5
907_right.png,2,1,0,0.7619,1,1,15636.0,clinician_1,5
8536_right.png,1,1,1,0.7556,1,1,4214.0,clinician_1,5
7913_right.png,1,1,1,0.7891,1,0,6504.0,clinician_1,5
751_left.png,1,1,0,0.6164,1,0,5523.0,clinician_1,5
695_right.png,2,1,1,0.7819,1,1,7609.0,clinician_1,5
6200_left.png,2,1,1,0.9085,1,1,4547.0,clinician_1,5
588_left.png,1,1,0,0.5674,1,0,8002.0,clinician_1,5
5735_left.png,0,0,0,0.5466,1,0,7625.0,clinician_1,5
490_right.png,1,1,1,0.6007,1,0,5220.0,clinician_1,5
4518_right.png,0,0,0,0.5253,1,1,9852.0,clinician_1,5
4439_left.png,0,0,0,0.5915,1,0,12614.0,clinician_1,5
43033_right.png,0,0,1,0.5835,1,1,6386.0,clinician_1,5
42653_left.png,0,0,0,0.5617,1,0,7630.0,clinician_1,5
38852_left.png,0,0,1,0.6607,1,1,8051.0,clinician_1,5
3322_left.png,2,1,1,0.5282,1,1,7761.0,clinician_1,5
33225_right.png,2,1,0,0.5282,1,1,9679.0,clinician_1,5
32874_right.png,0,0,0,0.7244,1,1,34124.0,clinician_1,5
31537_right.png,0,0,1,0.5534,1,1,5239.0,clinician_1,5
29_right.png,0,0,0,0.5976,1,0,4423.0,clinician_1,5
29105_right.png,2,1,0,0.67,1,0,11862.0,clinician_1,5
28439_left.png,2,1,0,0.5766,1,0,17117.0,clinician_1,5
240_right.png,1,1,0,0.6339,1,0,9780.0,clinician_1,5
23999_right.png,0,0,0,0.6713,1,1,20284.0,clinician_1,5
23304_right.png,1,1,1,0.5328,1,0,8741.0,clinician_1,5
22009_left.png,1,1,1,0.5804,1,1,9999.0,clinician_1,5
21735_left.png,2,1,1,0.7263,1,1,3684.0,clinician_1,5
21523_right.png,0,0,0,0.6095,1,1,9949.0,clinician_1,5
21379_right.png,2,1,1,0.5365,1,1,4963.0,clinician_1,5
20430_right.png,1,1,1,0.6892,1,1,8001.0,clinician_1,5
20399_left.png,1,1,1,0.5528,1,0,7065.0,clinician_1,5
20352_right.png,2,1,1,0.7818,1,1,3736.0,clinician_1,5
19949_left.png,2,1,1,0.8744,1,1,5557.0,clinician_1,5
19081_right.png,0,0,0,0.6445,1,0,18563.0,clinician_1,5
18755_right.png,2,1,1,0.7051,1,1,9375.0,clinician_1,5
18182_left.png,0,0,0,0.7277,1,0,16314.0,clinician_1,5
18172_left.png,0,0,1,0.6446,1,0,19014.0,clinician_1,5
17293_left.png,0,0,1,0.5888,1,0,7724.0,clinician_1,5
17058_right.png,1,1,1,0.5134,1,1,6617.0,clinician_1,5
16956_right.png,0,0,0,0.6033,1,0,6911.0,clinician_1,5
16941_left.png,1,1,1,0.5497,1,1,4155.0,clinician_1,5
16582_left.png,2,1,1,0.689,1,1,11237.0,clinician_1,5
15883_right.png,2,1,1,0.7274,1,1,7484.0,clinician_1,5
1578_right.png,2,1,1,0.6254,1,1,14559.0,clinician_1,5
1556_right.png,1,1,0,0.7238,1,0,8947.0,clinician_1,5
15390_right.png,2,1,1,0.5549,1,0,23927.0,clinician_1,5
1469_left.png,2,1,1,0.8485,1,1,9602.0,clinician_1,5
14418_left.png,0,0,0,0.5842,1,1,28634.0,clinician_1,5
14231_right.png,0,0,0,0.5319,1,0,15504.0,clinician_1,5
1369_right.png,1,1,1,0.5242,1,1,16261.0,clinician_1,5
13643_right.png,1,1,1,0.6331,1,1,13657.0,clinician_1,5
12480_right.png,2,1,1,0.63,1,0,21891.0,clinician_1,5
12241_left.png,1,1,0,0.613,1,0,12117.0,clinician_1,5
12128_right.png,0,0,0,0.6769,1,1,14695.0,clinician_1,5
11322_right.png,1,1,1,0.5762,1,1,19063.0,clinician_1,5
10812_left.png,1,1,1,0.7033,1,1,15939.0,clinician_1,5
10618_left.png,0,0,0,0.665,1,0,14612.0,clinician_1,5
1034_right.png,2,1,0,0.5214,1,0,42095.0,clinician_1,5
10232_right.png,1,1,1,0.5973,1,0,25071.0,clinician_1,5
9423_right.png,1,1,0,0.6195,3,1,6699.0,clinician_2,9
8158_left.png,2,1,0,0.6358,3,0,32233.0,clinician_2,9
7828_right.png,0,0,0,0.6211,3,0,10092.0,clinician_2,9
6974_left.png,1,1,0,0.5338,3,0,13876.0,clinician_2,9
6678_left.png,0,0,0,0.6623,3,0,15628.0,clinician_2,9
5994_left.png,1,1,1,0.7353,3,1,8536.0,clinician_2,9
5966_left.png,0,0,0,0.6046,3,0,10242.0,clinician_2,9
5383_left.png,1,1,1,0.7058,3,1,6636.0,clinician_2,9
44202_left.png,0,0,0,0.5579,3,0,11225.0,clinician_2,9
43539_left.png,2,1,1,0.7572,3,1,8925.0,clinician_2,9
42873_left.png,1,1,1,0.5378,3,1,18323.0,clinician_2,9
42653_right.png,1,1,1,0.72,3,1,7890.0,clinician_2,9
42359_right.png,2,1,0,0.5379,3,1,14055.0,clinician_2,9
42359_left.png,2,1,1,0.5264,3,1,11390.0,clinician_2,9
42349_right.png,2,1,1,0.8125,3,1,8812.0,clinician_2,9
39925_right.png,1,1,1,0.5555,3,1,5163.0,clinician_2,9
38850_left.png,2,1,0,0.5975,3,0,13254.0,clinician_2,9
37658_left.png,0,0,0,0.756,3,0,16502.0,clinician_2,9
36591_right.png,0,0,0,0.6609,3,1,21844.0,clinician_2,9
36280_right.png,1,1,1,0.6044,3,1,21867.0,clinician_2,9
36121_right.png,1,1,1,0.5192,3,1,13103.0,clinician_2,9
34405_right.png,2,1,0,0.5582,3,1,14764.0,clinician_2,9
3363_right.png,2,1,1,0.5603,3,1,30976.0,clinician_2,9
30221_left.png,1,1,1,0.5759,3,1,6805.0,clinician_2,9
30086_right.png,0,0,0,0.7292,3,0,13933.0,clinician_2,9
30032_left.png,0,0,1,0.5287,3,1,12970.0,clinician_2,9
29367_left.png,1,1,1,0.5351,3,1,9389.0,clinician_2,9
28785_right.png,0,0,1,0.6174,3,1,8440.0,clinician_2,9
26841_left.png,2,1,1,0.9617,3,1,5909.0,clinician_2,9
26499_right.png,0,0,0,0.5421,3,0,10060.0,clinician_2,9
26483_left.png,2,1,1,0.5713,3,1,11785.0,clinician_2,9
25744_left.png,0,0,0,0.7611,3,0,19478.0,clinician_2,9
25741_left.png,2,1,1,0.9505,3,1,4364.0,clinician_2,9
2477_left.png,0,0,0,0.6038,3,0,31748.0,clinician_2,9
24547_right.png,1,1,1,0.5586,3,1,12398.0,clinician_2,9
236_right.png,0,0,1,0.5766,3,1,18474.0,clinician_2,9
23333_left.png,1,1,0,0.6039,3,1,18374.0,clinician_2,9
22954_left.png,2,1,1,0.936,3,1,4827.0,clinician_2,9
22685_right.png,2,1,1,0.8413,3,1,5496.0,clinician_2,9
22371_right.png,0,0,0,0.725,3,0,7639.0,clinician_2,9
21666_left.png,2,1,0,0.54,3,1,8006.0,clinician_2,9
21491_left.png,0,0,0,0.7083,3,0,9126.0,clinician_2,9
20489_left.png,0,0,1,0.5809,3,1,10771.0,clinician_2,9
20361_left.png,2,1,1,0.6111,3,1,7122.0,clinician_2,9
19774_left.png,1,1,1,0.8802,3,1,8251.0,clinician_2,9
19755_left.png,1,1,0,0.537,3,1,7541.0,clinician_2,9
18727_right.png,1,1,1,0.5616,3,1,29413.0,clinician_2,9
17293_right.png,0,0,1,0.5151,3,1,16315.0,clinician_2,9
171_left.png,0,0,0,0.6035,3,0,23214.0,clinician_2,9
17030_right.png,1,1,1,0.5218,3,1,5960.0,clinician_2,9
16881_left.png,2,1,1,0.8047,3,1,5797.0,clinician_2,9
16582_right.png,2,1,1,0.7927,3,1,13719.0,clinician_2,9
16501_right.png,0,0,0,0.6066,3,0,8954.0,clinician_2,9
157_right.png,0,0,0,0.7107,3,0,22944.0,clinician_2,9
15523_left.png,2,1,1,0.8579,3,1,6528.0,clinician_2,9
14309_left.png,2,1,1,0.9676,3,1,6081.0,clinician_2,9
13926_left.png,1,1,1,0.6745,3,1,14496.0,clinician_2,9
12078_left.png,1,1,0,0.6336,3,0,14559.0,clinician_2,9
11167_right.png,1,1,1,0.9108,3,1,7316.0,clinician_2,9
1034_left.png,2,1,1,0.6058,3,1,8113.0,clinician_2,9
9456_right.png,1,1,1,0.7024,2,1,8320.0,clinician_2,9
8810_left.png,0,0,1,0.5399,2,1,7145.0,clinician_2,9
7513_left.png,1,1,1,0.7175,2,1,13706.0,clinician_2,9
7091_left.png,0,0,0,0.5908,2,0,19389.0,clinician_2,9
5559_right.png,1,1,1,0.5338,2,1,304613.0,clinician_2,9
5125_right.png,1,1,0,0.6514,2,0,19890.0,clinician_2,9
5114_right.png,1,1,1,0.6821,2,1,12795.0,clinician_2,9
5059_left.png,0,0,1,0.5319,2,1,9537.0,clinician_2,9
4784_right.png,0,0,0,0.6465,2,0,10285.0,clinician_2,9
4507_left.png,0,0,0,0.6369,2,1,28923.0,clinician_2,9
42732_left.png,2,1,1,0.7583,2,1,10781.0,clinician_2,9
42678_left.png,2,1,0,0.6175,2,0,21470.0,clinician_2,9
41725_left.png,2,1,1,0.5293,2,1,10051.0,clinician_2,9
41514_left.png,2,1,1,0.7439,2,1,7675.0,clinician_2,9
40138_right.png,2,1,1,0.9107,2,1,8750.0,clinician_2,9
38850_right.png,2,1,0,0.5327,2,0,17977.0,clinician_2,9
37493_right.png,2,1,1,0.8242,2,1,18577.0,clinician_2,9
37084_left.png,2,1,1,0.7335,2,1,7169.0,clinician_2,9
3666_left.png,2,1,1,0.9078,2,1,7074.0,clinician_2,9
3655_right.png,0,0,0,0.5499,2,0,18310.0,clinician_2,9
36121_left.png,1,1,0,0.5458,2,1,15299.0,clinician_2,9
35755_right.png,2,1,0,0.5972,2,1,14269.0,clinician_2,9
3567_left.png,0,0,0,0.7144,2,0,11818.0,clinician_2,9
35047_right.png,1,1,1,0.638,2,1,13491.0,clinician_2,9
32509_right.png,2,1,1,0.5907,2,1,9470.0,clinician_2,9
32271_right.png,2,1,1,0.7486,2,1,8134.0,clinician_2,9
31723_left.png,2,1,0,0.5614,2,1,21309.0,clinician_2,9
3161_right.png,0,0,0,0.6625,2,0,16560.0,clinician_2,9
3110_right.png,0,0,1,0.6428,2,1,23329.0,clinician_2,9
29885_right.png,2,1,1,0.8573,2,1,7520.0,clinician_2,9
27969_left.png,1,1,1,0.5127,2,1,30719.0,clinician_2,9
26878_left.png,2,1,1,0.9131,2,1,8871.0,clinician_2,9
26411_right.png,2,1,1,0.6534,2,1,42590.0,clinician_2,9
25013_left.png,0,0,0,0.7609,2,0,44061.0,clinician_2,9
24655_right.png,1,1,1,0.6041,2,1,10039.0,clinician_2,9
23531_right.png,2,1,1,0.5387,2,1,30204.0,clinician_2,9
23286_right.png,2,1,1,0.5955,2,1,12289.0,clinician_2,9
23286_left.png,1,1,0,0.5136,2,1,9218.0,clinician_2,9
228_left.png,0,0,0,0.5479,2,0,19133.0,clinician_2,9
19455_left.png,0,0,0,0.6934,2,0,20470.0,clinician_2,9
193_right.png,1,1,1,0.6417,2,1,9642.0,clinician_2,9
19349_left.png,0,0,0,0.6593,2,0,11462.0,clinician_2,9
1836_left.png,0,0,0,0.5939,2,0,16310.0,clinician_2,9
17627_right.png,1,1,0,0.7677,2,1,26318.0,clinician_2,9
1729_right.png,0,0,0,0.7171,2,0,15865.0,clinician_2,9
15695_right.png,1,1,1,0.6715,2,1,21625.0,clinician_2,9
1520_right.png,1,1,1,0.7642,2,1,7578.0,clinician_2,9
14745_right.png,1,1,1,0.639,2,1,40597.0,clinician_2,9
14689_right.png,1,1,1,0.5178,2,1,17029.0,clinician_2,9
14086_left.png,0,0,0,0.6984,2,0,10204.0,clinician_2,9
13490_right.png,1,1,1,0.7744,2,1,9797.0,clinician_2,9
13490_left.png,1,1,0,0.5231,2,1,37242.0,clinician_2,9
12358_left.png,0,0,1,0.6017,2,1,13374.0,clinician_2,9
12089_right.png,2,1,0,0.559,2,1,20720.0,clinician_2,9
1193_right.png,0,0,1,0.5,2,1,37889.0,clinician_2,9
11524_right.png,0,0,0,0.5834,2,0,34163.0,clinician_2,9
1114_right.png,0,0,0,0.6347,2,0,23469.0,clinician_2,9
1107_right.png,2,1,1,0.5485,2,1,14231.0,clinician_2,9
10822_left.png,1,1,1,0.504,2,0,17905.0,clinician_2,9
1022_right.png,1,1,1,0.7638,2,1,33460.0,clinician_2,9
9782_right.png,1,1,1,0.5905,1,1,18470.0,clinician_2,9
9427_right.png,2,1,1,0.7691,1,1,4932.0,clinician_2,9
907_right.png,2,1,0,0.7619,1,1,30215.0,clinician_2,9
8536_right.png,1,1,1,0.7556,1,1,23488.0,clinician_2,9
7913_right.png,1,1,1,0.7891,1,1,11178.0,clinician_2,9
751_left.png,1,1,0,0.6164,1,0,11654.0,clinician_2,9
695_right.png,2,1,1,0.7819,1,1,6485.0,clinician_2,9
6200_left.png,2,1,1,0.9085,1,1,4769.0,clinician_2,9
588_left.png,1,1,0,0.5674,1,0,42429.0,clinician_2,9
5735_left.png,0,0,0,0.5466,1,1,27302.0,clinician_2,9
490_right.png,1,1,1,0.6007,1,1,17125.0,clinician_2,9
4518_right.png,0,0,0,0.5253,1,1,16443.0,clinician_2,9
4439_left.png,0,0,0,0.5915,1,0,26503.0,clinician_2,9
43033_right.png,0,0,1,0.5835,1,1,10710.0,clinician_2,9
42653_left.png,0,0,0,0.5617,1,0,31640.0,clinician_2,9
38852_left.png,0,0,1,0.6607,1,1,11722.0,clinician_2,9
3322_left.png,2,1,1,0.5282,1,1,21735.0,clinician_2,9
33225_right.png,2,1,0,0.5282,1,1,9040.0,clinician_2,9
32874_right.png,0,0,0,0.7244,1,1,14398.0,clinician_2,9
31537_right.png,0,0,1,0.5534,1,1,11301.0,clinician_2,9
29_right.png,0,0,0,0.5976,1,0,10307.0,clinician_2,9
29105_right.png,2,1,0,0.67,1,1,26710.0,clinician_2,9
28439_left.png,2,1,0,0.5766,1,0,9014.0,clinician_2,9
240_right.png,1,1,0,0.6339,1,0,15049.0,clinician_2,9
23999_right.png,0,0,0,0.6713,1,0,21400.0,clinician_2,9
23304_right.png,1,1,1,0.5328,1,1,16664.0,clinician_2,9
22009_left.png,1,1,1,0.5804,1,1,28509.0,clinician_2,9
21735_left.png,2,1,1,0.7263,1,1,10051.0,clinician_2,9
21523_right.png,0,0,0,0.6095,1,0,24156.0,clinician_2,9
21379_right.png,2,1,1,0.5365,1,1,22381.0,clinician_2,9
20430_right.png,1,1,1,0.6892,1,1,11771.0,clinician_2,9
20399_left.png,1,1,1,0.5528,1,0,12216.0,clinician_2,9
20352_right.png,2,1,1,0.7818,1,1,6316.0,clinician_2,9
19949_left.png,2,1,1,0.8744,1,1,8758.0,clinician_2,9
19081_right.png,0,0,0,0.6445,1,0,10611.0,clinician_2,9
18755_right.png,2,1,1,0.7051,1,1,39404.0,clinician_2,9
18182_left.png,0,0,0,0.7277,1,0,10411.0,clinician_2,9
18172_left.png,0,0,1,0.6446,1,0,20920.0,clinician_2,9
17293_left.png,0,0,1,0.5888,1,1,12657.0,clinician_2,9
17058_right.png,1,1,1,0.5134,1,1,10457.0,clinician_2,9
16956_right.png,0,0,0,0.6033,1,1,11211.0,clinician_2,9
16941_left.png,1,1,1,0.5497,1,1,16359.0,clinician_2,9
16582_left.png,2,1,1,0.689,1,1,9496.0,clinician_2,9
15883_right.png,2,1,1,0.7274,1,1,12124.0,clinician_2,9
1578_right.png,2,1,1,0.6254,1,1,9927.0,clinician_2,9
1556_right.png,1,1,0,0.7238,1,0,14011.0,clinician_2,9
15390_right.png,2,1,1,0.5549,1,0,9985.0,clinician_2,9
1469_left.png,2,1,1,0.8485,1,1,8591.0,clinician_2,9
14418_left.png,0,0,0,0.5842,1,1,21295.0,clinician_2,9
14231_right.png,0,0,0,0.5319,1,0,12745.0,clinician_2,9
1369_right.png,1,1,1,0.5242,1,0,9437.0,clinician_2,9
13643_right.png,1,1,1,0.6331,1,0,15697.0,clinician_2,9
12480_right.png,2,1,1,0.63,1,1,23235.0,clinician_2,9
12241_left.png,1,1,0,0.613,1,0,15694.0,clinician_2,9
12128_right.png,0,0,0,0.6769,1,0,11683.0,clinician_2,9
11322_right.png,1,1,1,0.5762,1,1,13830.0,clinician_2,9
10812_left.png,1,1,1,0.7033,1,1,20793.0,clinician_2,9
10618_left.png,0,0,0,0.665,1,0,11723.0,clinician_2,9
1034_right.png,2,1,0,0.5214,1,1,17413.0,clinician_2,9
10232_right.png,1,1,1,0.5973,1,0,30071.0,clinician_2,9
9423_right.png,1,1,0,0.6195,3,0,9164.0,clinician_3,14
8158_left.png,2,1,0,0.6358,3,0,12825.0,clinician_3,14
7828_right.png,0,0,0,0.6211,3,0,9592.0,clinician_3,14
6974_left.png,1,1,0,0.5338,3,0,11519.0,clinician_3,14
6678_left.png,0,0,0,0.6623,3,0,8463.0,clinician_3,14
5994_left.png,1,1,1,0.7353,3,1,6169.0,clinician_3,14
5966_left.png,0,0,0,0.6046,3,0,8376.0,clinician_3,14
5383_left.png,1,1,1,0.7058,3,1,10400.0,clinician_3,14
44202_left.png,0,0,0,0.5579,3,0,7008.0,clinician_3,14
43539_left.png,2,1,1,0.7572,3,1,9046.0,clinician_3,14
42873_left.png,1,1,1,0.5378,3,1,13289.0,clinician_3,14
42653_right.png,1,1,1,0.72,3,1,12606.0,clinician_3,14
42359_right.png,2,1,0,0.5379,3,1,16666.0,clinician_3,14
42359_left.png,2,1,1,0.5264,3,1,11653.0,clinician_3,14
42349_right.png,2,1,1,0.8125,3,1,5024.0,clinician_3,14
39925_right.png,1,1,1,0.5555,3,1,9611.0,clinician_3,14
38850_left.png,2,1,0,0.5975,3,0,6011.0,clinician_3,14
37658_left.png,0,0,0,0.756,3,0,7999.0,clinician_3,14
36591_right.png,0,0,0,0.6609,3,0,5557.0,clinician_3,14
36280_right.png,1,1,1,0.6044,3,1,8011.0,clinician_3,14
36121_right.png,1,1,1,0.5192,3,1,8602.0,clinician_3,14
34405_right.png,2,1,0,0.5582,3,0,8097.0,clinician_3,14
3363_right.png,2,1,1,0.5603,3,0,12234.0,clinician_3,14
30221_left.png,1,1,1,0.5759,3,1,4596.0,clinician_3,14
30086_right.png,0,0,0,0.7292,3,0,8508.0,clinician_3,14
30032_left.png,0,0,1,0.5287,3,1,8373.0,clinician_3,14
29367_left.png,1,1,1,0.5351,3,1,10445.0,clinician_3,14
28785_right.png,0,0,1,0.6174,3,1,12690.0,clinician_3,14
26841_left.png,2,1,1,0.9617,3,1,5200.0,clinician_3,14
26499_right.png,0,0,0,0.5421,3,0,5451.0,clinician_3,14
26483_left.png,2,1,1,0.5713,3,1,6356.0,clinician_3,14
25744_left.png,0,0,0,0.7611,3,0,6331.0,clinician_3,14
25741_left.png,2,1,1,0.9505,3,1,5958.0,clinician_3,14
2477_left.png,0,0,0,0.6038,3,0,5813.0,clinician_3,14
24547_right.png,1,1,1,0.5586,3,0,14354.0,clinician_3,14
236_right.png,0,0,1,0.5766,3,0,9100.0,clinician_3,14
23333_left.png,1,1,0,0.6039,3,0,6965.0,clinician_3,14
22954_left.png,2,1,1,0.936,3,1,5840.0,clinician_3,14
22685_right.png,2,1,1,0.8413,3,1,6557.0,clinician_3,14
22371_right.png,0,0,0,0.725,3,0,5432.0,clinician_3,14
21666_left.png,2,1,0,0.54,3,1,4635.0,clinician_3,14
21491_left.png,0,0,0,0.7083,3,0,5820.0,clinician_3,14
20489_left.png,0,0,1,0.5809,3,1,9610.0,clinician_3,14
20361_left.png,2,1,1,0.6111,3,1,6804.0,clinician_3,14
19774_left.png,1,1,1,0.8802,3,1,7901.0,clinician_3,14
19755_left.png,1,1,0,0.537,3,1,13990.0,clinician_3,14
18727_right.png,1,1,1,0.5616,3,1,10462.0,clinician_3,14
17293_right.png,0,0,1,0.5151,3,0,14589.0,clinician_3,14
171_left.png,0,0,0,0.6035,3,0,6812.0,clinician_3,14
17030_right.png,1,1,1,0.5218,3,1,5286.0,clinician_3,14
16881_left.png,2,1,1,0.8047,3,1,8156.0,clinician_3,14
16582_right.png,2,1,1,0.7927,3,1,9189.0,clinician_3,14
16501_right.png,0,0,0,0.6066,3,0,8615.0,clinician_3,14
157_right.png,0,0,0,0.7107,3,0,7820.0,clinician_3,14
15523_left.png,2,1,1,0.8579,3,1,6000.0,clinician_3,14
14309_left.png,2,1,1,0.9676,3,1,6588.0,clinician_3,14
13926_left.png,1,1,1,0.6745,3,0,13599.0,clinician_3,14
12078_left.png,1,1,0,0.6336,3,0,14045.0,clinician_3,14
11167_right.png,1,1,1,0.9108,3,1,13071.0,clinician_3,14
1034_left.png,2,1,1,0.6058,3,1,9029.0,clinician_3,14
9456_right.png,1,1,1,0.7024,2,1,6888.0,clinician_3,14
8810_left.png,0,0,1,0.5399,2,0,49304.0,clinician_3,14
7513_left.png,1,1,1,0.7175,2,0,13899.0,clinician_3,14
7091_left.png,0,0,0,0.5908,2,0,10682.0,clinician_3,14
5559_right.png,1,1,1,0.5338,2,0,18761.0,clinician_3,14
5125_right.png,1,1,0,0.6514,2,0,29303.0,clinician_3,14
5114_right.png,1,1,1,0.6821,2,1,17286.0,clinician_3,14
5059_left.png,0,0,1,0.5319,2,0,53555.0,clinician_3,14
4784_right.png,0,0,0,0.6465,2,0,8824.0,clinician_3,14
4507_left.png,0,0,0,0.6369,2,1,18572.0,clinician_3,14
42732_left.png,2,1,1,0.7583,2,1,14505.0,clinician_3,14
42678_left.png,2,1,0,0.6175,2,0,7306.0,clinician_3,14
41725_left.png,2,1,1,0.5293,2,1,7414.0,clinician_3,14
41514_left.png,2,1,1,0.7439,2,1,5177.0,clinician_3,14
40138_right.png,2,1,1,0.9107,2,1,6865.0,clinician_3,14
38850_right.png,2,1,0,0.5327,2,0,8591.0,clinician_3,14
37493_right.png,2,1,1,0.8242,2,1,7849.0,clinician_3,14
37084_left.png,2,1,1,0.7335,2,1,13394.0,clinician_3,14
3666_left.png,2,1,1,0.9078,2,1,6911.0,clinician_3,14
3655_right.png,0,0,0,0.5499,2,0,8033.0,clinician_3,14
36121_left.png,1,1,0,0.5458,2,1,22842.0,clinician_3,14
35755_right.png,2,1,0,0.5972,2,1,24962.0,clinician_3,14
3567_left.png,0,0,0,0.7144,2,0,12589.0,clinician_3,14
35047_right.png,1,1,1,0.638,2,1,6689.0,clinician_3,14
32509_right.png,2,1,1,0.5907,2,1,23868.0,clinician_3,14
32271_right.png,2,1,1,0.7486,2,1,6165.0,clinician_3,14
31723_left.png,2,1,0,0.5614,2,0,22957.0,clinician_3,14
3161_right.png,0,0,0,0.6625,2,0,7839.0,clinician_3,14
3110_right.png,0,0,1,0.6428,2,1,14971.0,clinician_3,14
29885_right.png,2,1,1,0.8573,2,1,7604.0,clinician_3,14
27969_left.png,1,1,1,0.5127,2,1,47229.0,clinician_3,14
26878_left.png,2,1,1,0.9131,2,1,10141.0,clinician_3,14
26411_right.png,2,1,1,0.6534,2,1,31611.0,clinician_3,14
25013_left.png,0,0,0,0.7609,2,0,12554.0,clinician_3,14
24655_right.png,1,1,1,0.6041,2,1,24869.0,clinician_3,14
23531_right.png,2,1,1,0.5387,2,1,10379.0,clinician_3,14
23286_right.png,2,1,1,0.5955,2,1,11644.0,clinician_3,14
23286_left.png,1,1,0,0.5136,2,0,25274.0,clinician_3,14
228_left.png,0,0,0,0.5479,2,0,11323.0,clinician_3,14
19455_left.png,0,0,0,0.6934,2,0,14937.0,clinician_3,14
193_right.png,1,1,1,0.6417,2,1,15465.0,clinician_3,14
19349_left.png,0,0,0,0.6593,2,0,9347.0,clinician_3,14
1836_left.png,0,0,0,0.5939,2,0,13787.0,clinician_3,14
17627_right.png,1,1,0,0.7677,2,0,11280.0,clinician_3,14
1729_right.png,0,0,0,0.7171,2,0,15405.0,clinician_3,14
15695_right.png,1,1,1,0.6715,2,1,17752.0,clinician_3,14
1520_right.png,1,1,1,0.7642,2,1,21037.0,clinician_3,14
14745_right.png,1,1,1,0.639,2,0,27120.0,clinician_3,14
14689_right.png,1,1,1,0.5178,2,0,34447.0,clinician_3,14
14086_left.png,0,0,0,0.6984,2,0,7685.0,clinician_3,14
13490_right.png,1,1,1,0.7744,2,1,21112.0,clinician_3,14
13490_left.png,1,1,0,0.5231,2,0,12327.0,clinician_3,14
12358_left.png,0,0,1,0.6017,2,0,28111.0,clinician_3,14
12089_right.png,2,1,0,0.559,2,0,20886.0,clinician_3,14
1193_right.png,0,0,1,0.5,2,0,14388.0,clinician_3,14
11524_right.png,0,0,0,0.5834,2,0,13460.0,clinician_3,14
1114_right.png,0,0,0,0.6347,2,0,11019.0,clinician_3,14
1107_right.png,2,1,1,0.5485,2,0,35772.0,clinician_3,14
10822_left.png,1,1,1,0.504,2,0,28532.0,clinician_3,14
1022_right.png,1,1,1,0.7638,2,1,30280.0,clinician_3,14
9782_right.png,1,1,1,0.5905,1,1,6897.0,clinician_3,14
9427_right.png,2,1,1,0.7691,1,1,5961.0,clinician_3,14
907_right.png,2,1,0,0.7619,1,0,14509.0,clinician_3,14
8536_right.png,1,1,1,0.7556,1,1,9406.0,clinician_3,14
7913_right.png,1,1,1,0.7891,1,1,10789.0,clinician_3,14
751_left.png,1,1,0,0.6164,1,0,13455.0,clinician_3,14
695_right.png,2,1,1,0.7819,1,1,5562.0,clinician_3,14
6200_left.png,2,1,1,0.9085,1,1,5865.0,clinician_3,14
588_left.png,1,1,0,0.5674,1,0,15148.0,clinician_3,14
5735_left.png,0,0,0,0.5466,1,0,13552.0,clinician_3,14
490_right.png,1,1,1,0.6007,1,0,7230.0,clinician_3,14
4518_right.png,0,0,0,0.5253,1,1,14516.0,clinician_3,14
4439_left.png,0,0,0,0.5915,1,1,16080.0,clinician_3,14
43033_right.png,0,0,1,0.5835,1,0,14745.0,clinician_3,14
42653_left.png,0,0,0,0.5617,1,0,16159.0,clinician_3,14
38852_left.png,0,0,1,0.6607,1,1,9983.0,clinician_3,14
3322_left.png,2,1,1,0.5282,1,0,18247.0,clinician_3,14
33225_right.png,2,1,0,0.5282,1,1,10060.0,clinician_3,14
32874_right.png,0,0,0,0.7244,1,0,18073.0,clinician_3,14
31537_right.png,0,0,1,0.5534,1,1,21447.0,clinician_3,14
29_right.png,0,0,0,0.5976,1,0,10162.0,clinician_3,14
29105_right.png,2,1,0,0.67,1,0,12753.0,clinician_3,14
28439_left.png,2,1,0,0.5766,1,0,15511.0,clinician_3,14
240_right.png,1,1,0,0.6339,1,0,15861.0,clinician_3,14
23999_right.png,0,0,0,0.6713,1,1,15493.0,clinician_3,14
23304_right.png,1,1,1,0.5328,1,1,13364.0,clinician_3,14
22009_left.png,1,1,1,0.5804,1,0,12825.0,clinician_3,14
21735_left.png,2,1,1,0.7263,1,1,7374.0,clinician_3,14
21523_right.png,0,0,0,0.6095,1,0,11807.0,clinician_3,14
21379_right.png,2,1,1,0.5365,1,1,8995.0,clinician_3,14
20430_right.png,1,1,1,0.6892,1,1,14140.0,clinician_3,14
20399_left.png,1,1,1,0.5528,1,0,16835.0,clinician_3,14
20352_right.png,2,1,1,0.7818,1,1,6097.0,clinician_3,14
19949_left.png,2,1,1,0.8744,1,1,7851.0,clinician_3,14
19081_right.png,0,0,0,0.6445,1,0,14190.0,clinician_3,14
18755_right.png,2,1,1,0.7051,1,1,10867.0,clinician_3,14
18182_left.png,0,0,0,0.7277,1,0,140467.0,clinician_3,14
18172_left.png,0,0,1,0.6446,1,0,11412.0,clinician_3,14
17293_left.png,0,0,1,0.5888,1,1,11256.0,clinician_3,14
17058_right.png,1,1,1,0.5134,1,1,16188.0,clinician_3,14
16956_right.png,0,0,0,0.6033,1,0,13223.0,clinician_3,14
16941_left.png,1,1,1,0.5497,1,1,10802.0,clinician_3,14
16582_left.png,2,1,1,0.689,1,1,14835.0,clinician_3,14
15883_right.png,2,1,1,0.7274,1,1,37102.0,clinician_3,14
1578_right.png,2,1,1,0.6254,1,1,17214.0,clinician_3,14
1556_right.png,1,1,0,0.7238,1,0,8702.0,clinician_3,14
15390_right.png,2,1,1,0.5549,1,1,16416.0,clinician_3,14
1469_left.png,2,1,1,0.8485,1,1,8926.0,clinician_3,14
14418_left.png,0,0,0,0.5842,1,0,58030.0,clinician_3,14
14231_right.png,0,0,0,0.5319,1,0,45639.0,clinician_3,14
1369_right.png,1,1,1,0.5242,1,1,14621.0,clinician_3,14
13643_right.png,1,1,1,0.6331,1,0,21700.0,clinician_3,14
12480_right.png,2,1,1,0.63,1,1,19874.0,clinician_3,14
12241_left.png,1,1,0,0.613,1,0,12042.0,clinician_3,14
12128_right.png,0,0,0,0.6769,1,1,36387.0,clinician_3,14
11322_right.png,1,1,1,0.5762,1,1,17553.0,clinician_3,14
10812_left.png,1,1,1,0.7033,1,1,11124.0,clinician_3,14
10618_left.png,0,0,0,0.665,1,0,13073.0,clinician_3,14
1034_right.png,2,1,0,0.5214,1,0,10935.0,clinician_3,14
10232_right.png,1,1,1,0.5973,1,0,10923.0,clinician_3,14
9423_right.png,1,1,0,0.6195,3,0,47812.0,clinician_4,4
8158_left.png,2,1,0,0.6358,3,0,26394.0,clinician_4,4
7828_right.png,0,0,0,0.6211,3,0,7138.0,clinician_4,4
6974_left.png,1,1,0,0.5338,3,0,69333.0,clinician_4,4
6678_left.png,0,0,0,0.6623,3,0,27229.0,clinician_4,4
5994_left.png,1,1,1,0.7353,3,1,13110.0,clinician_4,4
5966_left.png,0,0,0,0.6046,3,0,54692.0,clinician_4,4
5383_left.png,1,1,1,0.7058,3,1,11461.0,clinician_4,4
44202_left.png,0,0,0,0.5579,3,0,14981.0,clinician_4,4
43539_left.png,2,1,1,0.7572,3,1,8405.0,clinician_4,4
42873_left.png,1,1,1,0.5378,3,0,11050.0,clinician_4,4
42653_right.png,1,1,1,0.72,3,1,9776.0,clinician_4,4
42359_right.png,2,1,0,0.5379,3,1,7369.0,clinician_4,4
42359_left.png,2,1,1,0.5264,3,1,34989.0,clinician_4,4
42349_right.png,2,1,1,0.8125,3,1,12387.0,clinician_4,4
39925_right.png,1,1,1,0.5555,3,1,10751.0,clinician_4,4
38850_left.png,2,1,0,0.5975,3,0,8153.0,clinician_4,4
37658_left.png,0,0,0,0.756,3,0,17524.0,clinician_4,4
36591_right.png,0,0,0,0.6609,3,1,42978.0,clinician_4,4
36280_right.png,1,1,1,0.6044,3,1,24070.0,clinician_4,4
36121_right.png,1,1,1,0.5192,3,1,30217.0,clinician_4,4
34405_right.png,2,1,0,0.5582,3,0,29744.0,clinician_4,4
3363_right.png,2,1,1,0.5603,3,0,22548.0,clinician_4,4
30221_left.png,1,1,1,0.5759,3,1,7495.0,clinician_4,4
30086_right.png,0,0,0,0.7292,3,0,18720.0,clinician_4,4
30032_left.png,0,0,1,0.5287,3,0,11854.0,clinician_4,4
29367_left.png,1,1,1,0.5351,3,1,7149.0,clinician_4,4
28785_right.png,0,0,1,0.6174,3,1,6554.0,clinician_4,4
26841_left.png,2,1,1,0.9617,3,1,26999.0,clinician_4,4
26499_right.png,0,0,0,0.5421,3,0,4617.0,clinician_4,4
26483_left.png,2,1,1,0.5713,3,1,9225.0,clinician_4,4
25744_left.png,0,0,0,0.7611,3,0,5144.0,clinician_4,4
25741_left.png,2,1,1,0.9505,3,1,4880.0,clinician_4,4
2477_left.png,0,0,0,0.6038,3,0,5957.0,clinician_4,4
24547_right.png,1,1,1,0.5586,3,1,11291.0,clinician_4,4
236_right.png,0,0,1,0.5766,3,1,12797.0,clinician_4,4
23333_left.png,1,1,0,0.6039,3,1,14939.0,clinician_4,4
22954_left.png,2,1,1,0.936,3,1,5124.0,clinician_4,4
22685_right.png,2,1,1,0.8413,3,1,6686.0,clinician_4,4
22371_right.png,0,0,0,0.725,3,0,7579.0,clinician_4,4
21666_left.png,2,1,0,0.54,3,1,5783.0,clinician_4,4
21491_left.png,0,0,0,0.7083,3,0,5354.0,clinician_4,4
20489_left.png,0,0,1,0.5809,3,1,7332.0,clinician_4,4
20361_left.png,2,1,1,0.6111,3,1,4386.0,clinician_4,4
19774_left.png,1,1,1,0.8802,3,1,23596.0,clinician_4,4
19755_left.png,1,1,0,0.537,3,1,16302.0,clinician_4,4
18727_right.png,1,1,1,0.5616,3,1,7630.0,clinician_4,4
17293_right.png,0,0,1,0.5151,3,0,22439.0,clinician_4,4
171_left.png,0,0,0,0.6035,3,0,25512.0,clinician_4,4
17030_right.png,1,1,1,0.5218,3,1,4791.0,clinician_4,4
16881_left.png,2,1,1,0.8047,3,1,4559.0,clinician_4,4
16582_right.png,2,1,1,0.7927,3,1,9856.0,clinician_4,4
16501_right.png,0,0,0,0.6066,3,0,17328.0,clinician_4,4
157_right.png,0,0,0,0.7107,3,0,5846.0,clinician_4,4
15523_left.png,2,1,1,0.8579,3,1,4270.0,clinician_4,4
14309_left.png,2,1,1,0.9676,3,1,6903.0,clinician_4,4
13926_left.png,1,1,1,0.6745,3,1,8346.0,clinician_4,4
12078_left.png,1,1,0,0.6336,3,0,7479.0,clinician_4,4
11167_right.png,1,1,1,0.9108,3,1,9627.0,clinician_4,4
1034_left.png,2,1,1,0.6058,3,1,12494.0,clinician_4,4
9456_right.png,1,1,1,0.7024,2,1,6775.0,clinician_4,4
8810_left.png,0,0,1,0.5399,2,1,20590.0,clinician_4,4
7513_left.png,1,1,1,0.7175,2,1,32805.0,clinician_4,4
7091_left.png,0,0,0,0.5908,2,0,11067.0,clinician_4,4
5559_right.png,1,1,1,0.5338,2,0,31046.0,clinician_4,4
5125_right.png,1,1,0,0.6514,2,0,25214.0,clinician_4,4
5114_right.png,1,1,1,0.6821,2,1,8344.0,clinician_4,4
5059_left.png,0,0,1,0.5319,2,1,116942.0,clinician_4,4
4784_right.png,0,0,0,0.6465,2,0,64136.0,clinician_4,4
4507_left.png,0,0,0,0.6369,2,0,20579.0,clinician_4,4
42732_left.png,2,1,1,0.7583,2,1,7204.0,clinician_4,4
42678_left.png,2,1,0,0.6175,2,0,8026.0,clinician_4,4
41725_left.png,2,1,1,0.5293,2,1,7544.0,clinician_4,4
41514_left.png,2,1,1,0.7439,2,1,5488.0,clinician_4,4
40138_right.png,2,1,1,0.9107,2,1,9309.0,clinician_4,4
38850_right.png,2,1,0,0.5327,2,0,20710.0,clinician_4,4
37493_right.png,2,1,1,0.8242,2,1,8478.0,clinician_4,4
37084_left.png,2,1,1,0.7335,2,1,10849.0,clinician_4,4
3666_left.png,2,1,1,0.9078,2,1,4617.0,clinician_4,4
3655_right.png,0,0,0,0.5499,2,0,18378.0,clinician_4,4
36121_left.png,1,1,0,0.5458,2,1,10407.0,clinician_4,4
35755_right.png,2,1,0,0.5972,2,0,10591.0,clinician_4,4
3567_left.png,0,0,0,0.7144,2,0,6640.0,clinician_4,4
35047_right.png,1,1,1,0.638,2,1,10091.0,clinician_4,4
32509_right.png,2,1,1,0.5907,2,1,7996.0,clinician_4,4
32271_right.png,2,1,1,0.7486,2,1,10251.0,clinician_4,4
31723_left.png,2,1,0,0.5614,2,0,36600.0,clinician_4,4
3161_right.png,0,0,0,0.6625,2,0,8661.0,clinician_4,4
3110_right.png,0,0,1,0.6428,2,1,14323.0,clinician_4,4
29885_right.png,2,1,1,0.8573,2,1,6911.0,clinician_4,4
27969_left.png,1,1,1,0.5127,2,1,9350.0,clinician_4,4
26878_left.png,2,1,1,0.9131,2,1,5601.0,clinician_4,4
26411_right.png,2,1,1,0.6534,2,1,5815.0,clinician_4,4
25013_left.png,0,0,0,0.7609,2,0,13841.0,clinician_4,4
24655_right.png,1,1,1,0.6041,2,1,8645.0,clinician_4,4
23531_right.png,2,1,1,0.5387,2,1,9612.0,clinician_4,4
23286_right.png,2,1,1,0.5955,2,1,5412.0,clinician_4,4
23286_left.png,1,1,0,0.5136,2,0,9122.0,clinician_4,4
228_left.png,0,0,0,0.5479,2,0,8128.0,clinician_4,4
19455_left.png,0,0,0,0.6934,2,0,8208.0,clinician_4,4
193_right.png,1,1,1,0.6417,2,1,8009.0,clinician_4,4
19349_left.png,0,0,0,0.6593,2,0,9743.0,clinician_4,4
1836_left.png,0,0,0,0.5939,2,0,8647.0,clinician_4,4
17627_right.png,1,1,0,0.7677,2,0,8469.0,clinician_4,4
1729_right.png,0,0,0,0.7171,2,0,7073.0,clinician_4,4
15695_right.png,1,1,1,0.6715,2,1,11251.0,clinician_4,4
1520_right.png,1,1,1,0.7642,2,1,7343.0,clinician_4,4
14745_right.png,1,1,1,0.639,2,0,41672.0,clinician_4,4
14689_right.png,1,1,1,0.5178,2,1,16328.0,clinician_4,4
14086_left.png,0,0,0,0.6984,2,0,11779.0,clinician_4,4
13490_right.png,1,1,1,0.7744,2,1,9274.0,clinician_4,4
13490_left.png,1,1,0,0.5231,2,0,11057.0,clinician_4,4
12358_left.png,0,0,1,0.6017,2,0,19851.0,clinician_4,4
12089_right.png,2,1,0,0.559,2,1,19449.0,clinician_4,4
1193_right.png,0,0,1,0.5,2,0,10956.0,clinician_4,4
11524_right.png,0,0,0,0.5834,2,0,12961.0,clinician_4,4
1114_right.png,0,0,0,0.6347,2,0,7157.0,clinician_4,4
1107_right.png,2,1,1,0.5485,2,1,17286.0,clinician_4,4
10822_left.png,1,1,1,0.504,2,0,31007.0,clinician_4,4
1022_right.png,1,1,1,0.7638,2,1,13047.0,clinician_4,4
9782_right.png,1,1,1,0.5905,1,0,13365.0,clinician_4,4
9427_right.png,2,1,1,0.7691,1,1,4874.0,clinician_4,4
907_right.png,2,1,0,0.7619,1,1,19897.0,clinician_4,4
8536_right.png,1,1,1,0.7556,1,1,27253.0,clinician_4,4
7913_right.png,1,1,1,0.7891,1,0,16551.0,clinician_4,4
751_left.png,1,1,0,0.6164,1,0,6388.0,clinician_4,4
695_right.png,2,1,1,0.7819,1,1,9014.0,clinician_4,4
6200_left.png,2,1,1,0.9085,1,1,6847.0,clinician_4,4
588_left.png,1,1,0,0.5674,1,0,16084.0,clinician_4,4
5735_left.png,0,0,0,0.5466,1,1,21870.0,clinician_4,4
490_right.png,1,1,1,0.6007,1,0,7130.0,clinician_4,4
4518_right.png,0,0,0,0.5253,1,1,8627.0,clinician_4,4
4439_left.png,0,0,0,0.5915,1,1,18807.0,clinician_4,4
43033_right.png,0,0,1,0.5835,1,1,12642.0,clinician_4,4
42653_left.png,0,0,0,0.5617,1,0,12336.0,clinician_4,4
38852_left.png,0,0,1,0.6607,1,1,11918.0,clinician_4,4
3322_left.png,2,1,1,0.5282,1,1,23184.0,clinician_4,4
33225_right.png,2,1,0,0.5282,1,1,11112.0,clinician_4,4
32874_right.png,0,0,0,0.7244,1,1,18353.0,clinician_4,4
31537_right.png,0,0,1,0.5534,1,1,7502.0,clinician_4,4
29_right.png,0,0,0,0.5976,1,0,12866.0,clinician_4,4
29105_right.png,2,1,0,0.67,1,0,16070.0,clinician_4,4
28439_left.png,2,1,0,0.5766,1,0,13512.0,clinician_4,4
240_right.png,1,1,0,0.6339,1,1,12880.0,clinician_4,4
23999_right.png,0,0,0,0.6713,1,0,12722.0,clinician_4,4
23304_right.png,1,1,1,0.5328,1,1,18592.0,clinician_4,4
22009_left.png,1,1,1,0.5804,1,0,8670.0,clinician_4,4
21735_left.png,2,1,1,0.7263,1,1,18579.0,clinician_4,4
21523_right.png,0,0,0,0.6095,1,0,29764.0,clinician_4,4
21379_right.png,2,1,1,0.5365,1,1,11953.0,clinician_4,4
20430_right.png,1,1,1,0.6892,1,1,13546.0,clinician_4,4
20399_left.png,1,1,1,0.5528,1,0,8227.0,clinician_4,4
20352_right.png,2,1,1,0.7818,1,1,6312.0,clinician_4,4
19949_left.png,2,1,1,0.8744,1,1,9157.0,clinician_4,4
19081_right.png,0,0,0,0.6445,1,0,46901.0,clinician_4,4
18755_right.png,2,1,1,0.7051,1,1,15343.0,clinician_4,4
18182_left.png,0,0,0,0.7277,1,0,25129.0,clinician_4,4
18172_left.png,0,0,1,0.6446,1,1,18583.0,clinician_4,4
17293_left.png,0,0,1,0.5888,1,0,14902.0,clinician_4,4
17058_right.png,1,1,1,0.5134,1,0,28949.0,clinician_4,4
16956_right.png,0,0,0,0.6033,1,0,18058.0,clinician_4,4
16941_left.png,1,1,1,0.5497,1,1,11462.0,clinician_4,4
16582_left.png,2,1,1,0.689,1,1,15336.0,clinician_4,4
15883_right.png,2,1,1,0.7274,1,1,20771.0,clinician_4,4
1578_right.png,2,1,1,0.6254,1,1,21743.0,clinician_4,4
1556_right.png,1,1,0,0.7238,1,0,16482.0,clinician_4,4
15390_right.png,2,1,1,0.5549,1,0,14733.0,clinician_4,4
1469_left.png,2,1,1,0.8485,1,1,45097.0,clinician_4,4
14418_left.png,0,0,0,0.5842,1,1,17780.0,clinician_4,4
14231_right.png,0,0,0,0.5319,1,0,12617.0,clinician_4,4
1369_right.png,1,1,1,0.5242,1,1,14072.0,clinician_4,4
13643_right.png,1,1,1,0.6331,1,0,15376.0,clinician_4,4
12480_right.png,2,1,1,0.63,1,1,26547.0,clinician_4,4
12241_left.png,1,1,0,0.613,1,0,9971.0,clinician_4,4
12128_right.png,0,0,0,0.6769,1,1,12654.0,clinician_4,4
11322_right.png,1,1,1,0.5762,1,1,15925.0,clinician_4,4
10812_left.png,1,1,1,0.7033,1,1,10097.0,clinician_4,4
10618_left.png,0,0,0,0.665,1,0,13750.0,clinician_4,4
1034_right.png,2,1,0,0.5214,1,1,23391.0,clinician_4,4
10232_right.png,1,1,1,0.5973,1,1,101332.0,clinician_4,4
9423_right.png,1,1,0,0.6195,3,0,17511.0,clinician_5,9
8158_left.png,2,1,0,0.6358,3,0,14169.0,clinician_5,9
7828_right.png,0,0,0,0.6211,3,0,18284.0,clinician_5,9
6974_left.png,1,1,0,0.5338,3,0,20426.0,clinician_5,9
6678_left.png,0,0,0,0.6623,3,0,9469.0,clinician_5,9
5994_left.png,1,1,1,0.7353,3,1,7665.0,clinician_5,9
5966_left.png,0,0,0,0.6046,3,0,6909.0,clinician_5,9
5383_left.png,1,1,1,0.7058,3,1,27361.0,clinician_5,9
44202_left.png,0,0,0,0.5579,3,0,17269.0,clinician_5,9
43539_left.png,2,1,1,0.7572,3,1,9222.0,clinician_5,9
42873_left.png,1,1,1,0.5378,3,1,18005.0,clinician_5,9
42653_right.png,1,1,1,0.72,3,1,12874.0,clinician_5,9
42359_right.png,2,1,0,0.5379,3,0,9295.0,clinician_5,9
42359_left.png,2,1,1,0.5264,3,1,13267.0,clinician_5,9
42349_right.png,2,1,1,0.8125,3,1,12550.0,clinician_5,9
39925_right.png,1,1,1,0.5555,3,0,36364.0,clinician_5,9
38850_left.png,2,1,0,0.5975,3,0,13193.0,clinician_5,9
37658_left.png,0,0,0,0.756,3,0,16173.0,clinician_5,9
36591_right.png,0,0,0,0.6609,3,0,10528.0,clinician_5,9
36280_right.png,1,1,1,0.6044,3,1,26136.0,clinician_5,9
36121_right.png,1,1,1,0.5192,3,0,21015.0,clinician_5,9
34405_right.png,2,1,0,0.5582,3,0,11059.0,clinician_5,9
3363_right.png,2,1,1,0.5603,3,0,13712.0,clinician_5,9
30221_left.png,1,1,1,0.5759,3,0,13805.0,clinician_5,9
30086_right.png,0,0,0,0.7292,3,0,25406.0,clinician_5,9
30032_left.png,0,0,1,0.5287,3,1,15422.0,clinician_5,9
29367_left.png,1,1,1,0.5351,3,0,19512.0,clinician_5,9
28785_right.png,0,0,1,0.6174,3,0,21680.0,clinician_5,9
26841_left.png,2,1,1,0.9617,3,1,47497.0,clinician_5,9
26499_right.png,0,0,0,0.5421,3,0,6209.0,clinician_5,9
26483_left.png,2,1,1,0.5713,3,1,6298.0,clinician_5,9
25744_left.png,0,0,0,0.7611,3,0,8438.0,clinician_5,9
25741_left.png,2,1,1,0.9505,3,1,14164.0,clinician_5,9
2477_left.png,0,0,0,0.6038,3,0,13086.0,clinician_5,9
24547_right.png,1,1,1,0.5586,3,1,8209.0,clinician_5,9
236_right.png,0,0,1,0.5766,3,1,11133.0,clinician_5,9
23333_left.png,1,1,0,0.6039,3,0,19581.0,clinician_5,9
22954_left.png,2,1,1,0.936,3,1,23155.0,clinician_5,9
22685_right.png,2,1,1,0.8413,3,1,19450.0,clinician_5,9
22371_right.png,0,0,0,0.725,3,0,6933.0,clinician_5,9
21666_left.png,2,1,0,0.54,3,0,15173.0,clinician_5,9
21491_left.png,0,0,0,0.7083,3,0,11683.0,clinician_5,9
20489_left.png,0,0,1,0.5809,3,1,26778.0,clinician_5,9
20361_left.png,2,1,1,0.6111,3,1,81485.0,clinician_5,9
19774_left.png,1,1,1,0.8802,3,1,8259.0,clinician_5,9
19755_left.png,1,1,0,0.537,3,0,6896.0,clinician_5,9
18727_right.png,1,1,1,0.5616,3,0,12186.0,clinician_5,9
17293_right.png,0,0,1,0.5151,3,0,11623.0,clinician_5,9
171_left.png,0,0,0,0.6035,3,0,15339.0,clinician_5,9
17030_right.png,1,1,1,0.5218,3,0,9608.0,clinician_5,9
16881_left.png,2,1,1,0.8047,3,1,14568.0,clinician_5,9
16582_right.png,2,1,1,0.7927,3,1,60958.0,clinician_5,9
16501_right.png,0,0,0,0.6066,3,0,125318.0,clinician_5,9
157_right.png,0,0,0,0.7107,3,0,11202.0,clinician_5,9
15523_left.png,2,1,1,0.8579,3,1,10525.0,clinician_5,9
14309_left.png,2,1,1,0.9676,3,1,32256.0,clinician_5,9
13926_left.png,1,1,1,0.6745,3,0,54167.0,clinician_5,9
12078_left.png,1,1,0,0.6336,3,0,19380.0,clinician_5,9
11167_right.png,1,1,1,0.9108,3,1,13498.0,clinician_5,9
1034_left.png,2,1,1,0.6058,3,1,198235.0,clinician_5,9
9456_right.png,1,1,1,0.7024,2,1,40605.0,clinician_5,9
8810_left.png,0,0,1,0.5399,2,0,84373.0,clinician_5,9
7513_left.png,1,1,1,0.7175,2,0,32234.0,clinician_5,9
7091_left.png,0,0,0,0.5908,2,0,11397.0,clinician_5,9
5559_right.png,1,1,1,0.5338,2,0,20813.0,clinician_5,9
5125_right.png,1,1,0,0.6514,2,0,22986.0,clinician_5,9
5114_right.png,1,1,1,0.6821,2,1,10238.0,clinician_5,9
5059_left.png,0,0,1,0.5319,2,1,15363.0,clinician_5,9
4784_right.png,0,0,0,0.6465,2,0,95702.0,clinician_5,9
4507_left.png,0,0,0,0.6369,2,0,10657.0,clinician_5,9
42732_left.png,2,1,1,0.7583,2,1,16321.0,clinician_5,9
42678_left.png,2,1,0,0.6175,2,0,11241.0,clinician_5,9
41725_left.png,2,1,1,0.5293,2,1,25433.0,clinician_5,9
41514_left.png,2,1,1,0.7439,2,1,6686.0,clinician_5,9
40138_right.png,2,1,1,0.9107,2,1,10915.0,clinician_5,9
38850_right.png,2,1,0,0.5327,2,0,14710.0,clinician_5,9
37493_right.png,2,1,1,0.8242,2,1,12140.0,clinician_5,9
37084_left.png,2,1,1,0.7335,2,1,12039.0,clinician_5,9
3666_left.png,2,1,1,0.9078,2,1,12533.0,clinician_5,9
3655_right.png,0,0,0,0.5499,2,0,17685.0,clinician_5,9
36121_left.png,1,1,0,0.5458,2,0,92320.0,clinician_5,9
35755_right.png,2,1,0,0.5972,2,1,23935.0,clinician_5,9
3567_left.png,0,0,0,0.7144,2,0,8905.0,clinician_5,9
35047_right.png,1,1,1,0.638,2,1,13807.0,clinician_5,9
32509_right.png,2,1,1,0.5907,2,1,19568.0,clinician_5,9
32271_right.png,2,1,1,0.7486,2,1,10086.0,clinician_5,9
31723_left.png,2,1,0,0.5614,2,0,17500.0,clinician_5,9
3161_right.png,0,0,0,0.6625,2,0,95741.0,clinician_5,9
3110_right.png,0,0,1,0.6428,2,0,26010.0,clinician_5,9
29885_right.png,2,1,1,0.8573,2,1,14217.0,clinician_5,9
27969_left.png,1,1,1,0.5127,2,1,8950.0,clinician_5,9
26878_left.png,2,1,1,0.9131,2,1,11769.0,clinician_5,9
26411_right.png,2,1,1,0.6534,2,1,44543.0,clinician_5,9
25013_left.png,0,0,0,0.7609,2,0,13133.0,clinician_5,9
24655_right.png,1,1,1,0.6041,2,1,26106.0,clinician_5,9
23531_right.png,2,1,1,0.5387,2,1,59297.0,clinician_5,9
23286_right.png,2,1,1,0.5955,2,1,17137.0,clinician_5,9
23286_left.png,1,1,0,0.5136,2,0,23051.0,clinician_5,9
228_left.png,0,0,0,0.5479,2,0,11799.0,clinician_5,9
19455_left.png,0,0,0,0.6934,2,0,17052.0,clinician_5,9
193_right.png,1,1,1,0.6417,2,1,27744.0,clinician_5,9
19349_left.png,0,0,0,0.6593,2,0,200203.0,clinician_5,9
1836_left.png,0,0,0,0.5939,2,0,55878.0,clinician_5,9
17627_right.png,1,1,0,0.7677,2,0,12260.0,clinician_5,9
1729_right.png,0,0,0,0.7171,2,0,71747.0,clinician_5,9
15695_right.png,1,1,1,0.6715,2,0,27706.0,clinician_5,9
1520_right.png,1,1,1,0.7642,2,1,13914.0,clinician_5,9
14745_right.png,1,1,1,0.639,2,0,50361.0,clinician_5,9
14689_right.png,1,1,1,0.5178,2,0,24120.0,clinician_5,9
14086_left.png,0,0,0,0.6984,2,0,18607.0,clinician_5,9
13490_right.png,1,1,1,0.7744,2,0,454466.0,clinician_5,9
13490_left.png,1,1,0,0.5231,2,0,289126.0,clinician_5,9
12358_left.png,0,0,1,0.6017,2,0,27813.0,clinician_5,9
12089_right.png,2,1,0,0.559,2,0,10503.0,clinician_5,9
1193_right.png,0,0,1,0.5,2,0,68528.0,clinician_5,9
11524_right.png,0,0,0,0.5834,2,0,21466.0,clinician_5,9
1114_right.png,0,0,0,0.6347,2,0,30234.0,clinician_5,9
1107_right.png,2,1,1,0.5485,2,1,42257.0,clinician_5,9
10822_left.png,1,1,1,0.504,2,0,63142.0,clinician_5,9
1022_right.png,1,1,1,0.7638,2,1,55421.0,clinician_5,9
9782_right.png,1,1,1,0.5905,1,1,18980.0,clinician_5,9
9427_right.png,2,1,1,0.7691,1,1,9704.0,clinician_5,9
907_right.png,2,1,0,0.7619,1,0,56887.0,clinician_5,9
8536_right.png,1,1,1,0.7556,1,1,33432.0,clinician_5,9
7913_right.png,1,1,1,0.7891,1,0,19807.0,clinician_5,9
751_left.png,1,1,0,0.6164,1,0,27059.0,clinician_5,9
695_right.png,2,1,1,0.7819,1,1,14252.0,clinician_5,9
6200_left.png,2,1,1,0.9085,1,1,13466.0,clinician_5,9
588_left.png,1,1,0,0.5674,1,0,22112.0,clinician_5,9
5735_left.png,0,0,0,0.5466,1,0,11138.0,clinician_5,9
490_right.png,1,1,1,0.6007,1,1,35358.0,clinician_5,9
4518_right.png,0,0,0,0.5253,1,1,28289.0,clinician_5,9
4439_left.png,0,0,0,0.5915,1,1,36704.0,clinician_5,9
43033_right.png,0,0,1,0.5835,1,1,67595.0,clinician_5,9
42653_left.png,0,0,0,0.5617,1,0,13171.0,clinician_5,9
38852_left.png,0,0,1,0.6607,1,0,28103.0,clinician_5,9
3322_left.png,2,1,1,0.5282,1,1,12876.0,clinician_5,9
33225_right.png,2,1,0,0.5282,1,0,47419.0,clinician_5,9
32874_right.png,0,0,0,0.7244,1,1,7791.0,clinician_5,9
31537_right.png,0,0,1,0.5534,1,1,212053.0,clinician_5,9
29_right.png,0,0,0,0.5976,1,0,12988.0,clinician_5,9
29105_right.png,2,1,0,0.67,1,0,19844.0,clinician_5,9
28439_left.png,2,1,0,0.5766,1,0,28115.0,clinician_5,9
240_right.png,1,1,0,0.6339,1,0,57020.0,clinician_5,9
23999_right.png,0,0,0,0.6713,1,0,17034.0,clinician_5,9
23304_right.png,1,1,1,0.5328,1,1,187076.0,clinician_5,9
22009_left.png,1,1,1,0.5804,1,1,21207.0,clinician_5,9
21735_left.png,2,1,1,0.7263,1,1,13135.0,clinician_5,9
21523_right.png,0,0,0,0.6095,1,0,17063.0,clinician_5,9
21379_right.png,2,1,1,0.5365,1,1,1231130.0,clinician_5,9
20430_right.png,1,1,1,0.6892,1,1,14933.0,clinician_5,9
20399_left.png,1,1,1,0.5528,1,0,23282.0,clinician_5,9
20352_right.png,2,1,1,0.7818,1,1,14180.0,clinician_5,9
19949_left.png,2,1,1,0.8744,1,1,20640.0,clinician_5,9
19081_right.png,0,0,0,0.6445,1,0,31761.0,clinician_5,9
18755_right.png,2,1,1,0.7051,1,1,29003.0,clinician_5,9
18182_left.png,0,0,0,0.7277,1,0,9752.0,clinician_5,9
18172_left.png,0,0,1,0.6446,1,1,21440.0,clinician_5,9
17293_left.png,0,0,1,0.5888,1,1,16531.0,clinician_5,9
17058_right.png,1,1,1,0.5134,1,0,21693.0,clinician_5,9
16956_right.png,0,0,0,0.6033,1,0,20038.0,clinician_5,9
16941_left.png,1,1,1,0.5497,1,1,22125.0,clinician_5,9
16582_left.png,2,1,1,0.689,1,1,21063.0,clinician_5,9
15883_right.png,2,1,1,0.7274,1,0,13348.0,clinician_5,9
1578_right.png,2,1,1,0.6254,1,0,80760.0,clinician_5,9
1556_right.png,1,1,0,0.7238,1,0,13919.0,clinician_5,9
15390_right.png,2,1,1,0.5549,1,0,9686.0,clinician_5,9
1469_left.png,2,1,1,0.8485,1,1,18650.0,clinician_5,9
14418_left.png,0,0,0,0.5842,1,0,9381.0,clinician_5,9
14231_right.png,0,0,0,0.5319,1,0,15250.0,clinician_5,9
1369_right.png,1,1,1,0.5242,1,1,12040.0,clinician_5,9
13643_right.png,1,1,1,0.6331,1,0,19427.0,clinician_5,9
12480_right.png,2,1,1,0.63,1,0,31879.0,clinician_5,9
12241_left.png,1,1,0,0.613,1,0,18544.0,clinician_5,9
12128_right.png,0,0,0,0.6769,1,1,34009.0,clinician_5,9
11322_right.png,1,1,1,0.5762,1,0,12308.0,clinician_5,9
10812_left.png,1,1,1,0.7033,1,1,38550.0,clinician_5,9
10618_left.png,0,0,0,0.665,1,0,10384.0,clinician_5,9
1034_right.png,2,1,0,0.5214,1,0,201230.0,clinician_5,9
10232_right.png,1,1,1,0.5973,1,0,21046.0,clinician_5,9
9423_right.png,1,1,0,0.6195,3,1,19618.0,clinician_6,17
8158_left.png,2,1,0,0.6358,3,0,11695.0,clinician_6,17
7828_right.png,0,0,0,0.6211,3,0,10486.0,clinician_6,17
6974_left.png,1,1,0,0.5338,3,0,11993.0,clinician_6,17
6678_left.png,0,0,0,0.6623,3,0,19372.0,clinician_6,17
5994_left.png,1,1,1,0.7353,3,1,12571.0,clinician_6,17
5966_left.png,0,0,0,0.6046,3,0,10943.0,clinician_6,17
5383_left.png,1,1,1,0.7058,3,1,10518.0,clinician_6,17
44202_left.png,0,0,0,0.5579,3,0,12729.0,clinician_6,17
43539_left.png,2,1,1,0.7572,3,1,13649.0,clinician_6,17
42873_left.png,1,1,1,0.5378,3,1,13093.0,clinician_6,17
42653_right.png,1,1,1,0.72,3,1,10709.0,clinician_6,17
42359_right.png,2,1,0,0.5379,3,1,11785.0,clinician_6,17
42359_left.png,2,1,1,0.5264,3,1,9436.0,clinician_6,17
42349_right.png,2,1,1,0.8125,3,1,9068.0,clinician_6,17
39925_right.png,1,1,1,0.5555,3,1,10631.0,clinician_6,17
38850_left.png,2,1,0,0.5975,3,0,10155.0,clinician_6,17
37658_left.png,0,0,0,0.756,3,0,9220.0,clinician_6,17
36591_right.png,0,0,0,0.6609,3,0,9974.0,clinician_6,17
36280_right.png,1,1,1,0.6044,3,1,10061.0,clinician_6,17
36121_right.png,1,1,1,0.5192,3,1,16289.0,clinician_6,17
34405_right.png,2,1,0,0.5582,3,0,10518.0,clinician_6,17
3363_right.png,2,1,1,0.5603,3,0,9565.0,clinician_6,17
30221_left.png,1,1,1,0.5759,3,1,14679.0,clinician_6,17
30086_right.png,0,0,0,0.7292,3,0,14010.0,clinician_6,17
30032_left.png,0,0,1,0.5287,3,1,12213.0,clinician_6,17
29367_left.png,1,1,1,0.5351,3,1,10419.0,clinician_6,17
28785_right.png,0,0,1,0.6174,3,0,17625.0,clinician_6,17
26841_left.png,2,1,1,0.9617,3,1,9600.0,clinician_6,17
26499_right.png,0,0,0,0.5421,3,0,14711.0,clinician_6,17
26483_left.png,2,1,1,0.5713,3,1,16324.0,clinician_6,17
25744_left.png,0,0,0,0.7611,3,0,25333.0,clinician_6,17
25741_left.png,2,1,1,0.9505,3,1,17758.0,clinician_6,17
2477_left.png,0,0,0,0.6038,3,0,9656.0,clinician_6,17
24547_right.png,1,1,1,0.5586,3,1,26438.0,clinician_6,17
236_right.png,0,0,1,0.5766,3,1,25040.0,clinician_6,17
23333_left.png,1,1,0,0.6039,3,0,17851.0,clinician_6,17
22954_left.png,2,1,1,0.936,3,1,9219.0,clinician_6,17
22685_right.png,2,1,1,0.8413,3,1,9064.0,clinician_6,17
22371_right.png,0,0,0,0.725,3,0,9366.0,clinician_6,17
21666_left.png,2,1,0,0.54,3,1,17514.0,clinician_6,17
21491_left.png,0,0,0,0.7083,3,0,12299.0,clinician_6,17
20489_left.png,0,0,1,0.5809,3,1,13941.0,clinician_6,17
20361_left.png,2,1,1,0.6111,3,1,9974.0,clinician_6,17
19774_left.png,1,1,1,0.8802,3,1,8963.0,clinician_6,17
19755_left.png,1,1,0,0.537,3,1,10905.0,clinician_6,17
18727_right.png,1,1,1,0.5616,3,1,55734.0,clinician_6,17
17293_right.png,0,0,1,0.5151,3,0,15291.0,clinician_6,17
171_left.png,0,0,0,0.6035,3,0,13537.0,clinician_6,17
17030_right.png,1,1,1,0.5218,3,1,10182.0,clinician_6,17
16881_left.png,2,1,1,0.8047,3,1,10704.0,clinician_6,17
16582_right.png,2,1,1,0.7927,3,1,9588.0,clinician_6,17
16501_right.png,0,0,0,0.6066,3,0,14764.0,clinician_6,17
157_right.png,0,0,0,0.7107,3,0,11980.0,clinician_6,17
15523_left.png,2,1,1,0.8579,3,1,16272.0,clinician_6,17
14309_left.png,2,1,1,0.9676,3,1,10337.0,clinician_6,17
13926_left.png,1,1,1,0.6745,3,1,23192.0,clinician_6,17
12078_left.png,1,1,0,0.6336,3,0,13926.0,clinician_6,17
11167_right.png,1,1,1,0.9108,3,1,11006.0,clinician_6,17
1034_left.png,2,1,1,0.6058,3,1,18762.0,clinician_6,17
9456_right.png,1,1,1,0.7024,2,1,16133.0,clinician_6,17
8810_left.png,0,0,1,0.5399,2,0,14579.0,clinician_6,17
7513_left.png,1,1,1,0.7175,2,0,20615.0,clinician_6,17
7091_left.png,0,0,0,0.5908,2,0,15197.0,clinician_6,17
5559_right.png,1,1,1,0.5338,2,0,20720.0,clinician_6,17
5125_right.png,1,1,0,0.6514,2,0,8687.0,clinician_6,17
5114_right.png,1,1,1,0.6821,2,1,32256.0,clinician_6,17
5059_left.png,0,0,1,0.5319,2,1,24748.0,clinician_6,17
4784_right.png,0,0,0,0.6465,2,0,16814.0,clinician_6,17
4507_left.png,0,0,0,0.6369,2,0,16559.0,clinician_6,17
42732_left.png,2,1,1,0.7583,2,1,37608.0,clinician_6,17
42678_left.png,2,1,0,0.6175,2,0,9774.0,clinician_6,17
41725_left.png,2,1,1,0.5293,2,1,11101.0,clinician_6,17
41514_left.png,2,1,1,0.7439,2,1,12068.0,clinician_6,17
40138_right.png,2,1,1,0.9107,2,1,9618.0,clinician_6,17
38850_right.png,2,1,0,0.5327,2,0,11822.0,clinician_6,17
37493_right.png,2,1,1,0.8242,2,1,10227.0,clinician_6,17
37084_left.png,2,1,1,0.7335,2,1,13435.0,clinician_6,17
3666_left.png,2,1,1,0.9078,2,1,11089.0,clinician_6,17
3655_right.png,0,0,0,0.5499,2,0,13547.0,clinician_6,17
36121_left.png,1,1,0,0.5458,2,0,21721.0,clinician_6,17
35755_right.png,2,1,0,0.5972,2,1,15842.0,clinician_6,17
3567_left.png,0,0,0,0.7144,2,0,12438.0,clinician_6,17
35047_right.png,1,1,1,0.638,2,1,13959.0,clinician_6,17
32509_right.png,2,1,1,0.5907,2,1,13246.0,clinician_6,17
32271_right.png,2,1,1,0.7486,2,1,10482.0,clinician_6,17
31723_left.png,2,1,0,0.5614,2,0,15301.0,clinician_6,17
3161_right.png,0,0,0,0.6625,2,0,14700.0,clinician_6,17
3110_right.png,0,0,1,0.6428,2,0,25498.0,clinician_6,17
29885_right.png,2,1,1,0.8573,2,1,12436.0,clinician_6,17
27969_left.png,1,1,1,0.5127,2,1,13281.0,clinician_6,17
26878_left.png,2,1,1,0.9131,2,1,14663.0,clinician_6,17
26411_right.png,2,1,1,0.6534,2,1,12835.0,clinician_6,17
25013_left.png,0,0,0,0.7609,2,0,14694.0,clinician_6,17
24655_right.png,1,1,1,0.6041,2,1,13532.0,clinician_6,17
23531_right.png,2,1,1,0.5387,2,1,11626.0,clinician_6,17
23286_right.png,2,1,1,0.5955,2,1,14010.0,clinician_6,17
23286_left.png,1,1,0,0.5136,2,1,14531.0,clinician_6,17
228_left.png,0,0,0,0.5479,2,0,12303.0,clinician_6,17
19455_left.png,0,0,0,0.6934,2,0,21170.0,clinician_6,17
193_right.png,1,1,1,0.6417,2,1,14254.0,clinician_6,17
19349_left.png,0,0,0,0.6593,2,0,11380.0,clinician_6,17
1836_left.png,0,0,0,0.5939,2,1,15836.0,clinician_6,17
17627_right.png,1,1,0,0.7677,2,0,11256.0,clinician_6,17
1729_right.png,0,0,0,0.7171,2,0,10765.0,clinician_6,17
15695_right.png,1,1,1,0.6715,2,1,39504.0,clinician_6,17
1520_right.png,1,1,1,0.7642,2,1,17670.0,clinician_6,17
14745_right.png,1,1,1,0.639,2,0,15465.0,clinician_6,17
14689_right.png,1,1,1,0.5178,2,1,18004.0,clinician_6,17
14086_left.png,0,0,0,0.6984,2,0,18439.0,clinician_6,17
13490_right.png,1,1,1,0.7744,2,1,14988.0,clinician_6,17
13490_left.png,1,1,0,0.5231,2,1,12325.0,clinician_6,17
12358_left.png,0,0,1,0.6017,2,0,25360.0,clinician_6,17
12089_right.png,2,1,0,0.559,2,0,14690.0,clinician_6,17
1193_right.png,0,0,1,0.5,2,1,9342.0,clinician_6,17
11524_right.png,0,0,0,0.5834,2,0,33752.0,clinician_6,17
1114_right.png,0,0,0,0.6347,2,0,13628.0,clinician_6,17
1107_right.png,2,1,1,0.5485,2,1,16309.0,clinician_6,17
10822_left.png,1,1,1,0.504,2,0,12071.0,clinician_6,17
1022_right.png,1,1,1,0.7638,2,1,13848.0,clinician_6,17
9782_right.png,1,1,1,0.5905,1,0,19074.0,clinician_6,17
9427_right.png,2,1,1,0.7691,1,1,8179.0,clinician_6,17
907_right.png,2,1,0,0.7619,1,1,13013.0,clinician_6,17
8536_right.png,1,1,1,0.7556,1,1,8640.0,clinician_6,17
7913_right.png,1,1,1,0.7891,1,0,8912.0,clinician_6,17
751_left.png,1,1,0,0.6164,1,0,8468.0,clinician_6,17
695_right.png,2,1,1,0.7819,1,1,9473.0,clinician_6,17
6200_left.png,2,1,1,0.9085,1,1,12201.0,clinician_6,17
588_left.png,1,1,0,0.5674,1,0,16342.0,clinician_6,17
5735_left.png,0,0,0,0.5466,1,0,12802.0,clinician_6,17
490_right.png,1,1,1,0.6007,1,1,10729.0,clinician_6,17
4518_right.png,0,0,0,0.5253,1,1,10097.0,clinician_6,17
4439_left.png,0,0,0,0.5915,1,0,11570.0,clinician_6,17
43033_right.png,0,0,1,0.5835,1,0,19458.0,clinician_6,17
42653_left.png,0,0,0,0.5617,1,0,12763.0,clinician_6,17
38852_left.png,0,0,1,0.6607,1,1,9439.0,clinician_6,17
3322_left.png,2,1,1,0.5282,1,1,10764.0,clinician_6,17
33225_right.png,2,1,0,0.5282,1,1,14062.0,clinician_6,17
32874_right.png,0,0,0,0.7244,1,1,10999.0,clinician_6,17
31537_right.png,0,0,1,0.5534,1,1,11928.0,clinician_6,17
29_right.png,0,0,0,0.5976,1,0,25663.0,clinician_6,17
29105_right.png,2,1,0,0.67,1,0,12556.0,clinician_6,17
28439_left.png,2,1,0,0.5766,1,1,11651.0,clinician_6,17
240_right.png,1,1,0,0.6339,1,1,59091.0,clinician_6,17
23999_right.png,0,0,0,0.6713,1,0,14115.0,clinician_6,17
23304_right.png,1,1,1,0.5328,1,1,65039.0,clinician_6,17
22009_left.png,1,1,1,0.5804,1,0,14541.0,clinician_6,17
21735_left.png,2,1,1,0.7263,1,1,10965.0,clinician_6,17
21523_right.png,0,0,0,0.6095,1,1,10175.0,clinician_6,17
21379_right.png,2,1,1,0.5365,1,1,10129.0,clinician_6,17
20430_right.png,1,1,1,0.6892,1,1,15509.0,clinician_6,17
20399_left.png,1,1,1,0.5528,1,0,85392.0,clinician_6,17
20352_right.png,2,1,1,0.7818,1,1,27766.0,clinician_6,17
19949_left.png,2,1,1,0.8744,1,1,12662.0,clinician_6,17
19081_right.png,0,0,0,0.6445,1,0,16159.0,clinician_6,17
18755_right.png,2,1,1,0.7051,1,1,13319.0,clinician_6,17
18182_left.png,0,0,0,0.7277,1,0,10500.0,clinician_6,17
18172_left.png,0,0,1,0.6446,1,1,21225.0,clinician_6,17
17293_left.png,0,0,1,0.5888,1,1,18954.0,clinician_6,17
17058_right.png,1,1,1,0.5134,1,0,30932.0,clinician_6,17
16956_right.png,0,0,0,0.6033,1,0,18630.0,clinician_6,17
16941_left.png,1,1,1,0.5497,1,1,14164.0,clinician_6,17
16582_left.png,2,1,1,0.689,1,1,12094.0,clinician_6,17
15883_right.png,2,1,1,0.7274,1,1,21080.0,clinician_6,17
1578_right.png,2,1,1,0.6254,1,1,16183.0,clinician_6,17
1556_right.png,1,1,0,0.7238,1,0,23178.0,clinician_6,17
15390_right.png,2,1,1,0.5549,1,1,21201.0,clinician_6,17
1469_left.png,2,1,1,0.8485,1,1,13326.0,clinician_6,17
14418_left.png,0,0,0,0.5842,1,1,20312.0,clinician_6,17
14231_right.png,0,0,0,0.5319,1,0,14604.0,clinician_6,17
1369_right.png,1,1,1,0.5242,1,1,15245.0,clinician_6,17
13643_right.png,1,1,1,0.6331,1,0,15330.0,clinician_6,17
12480_right.png,2,1,1,0.63,1,1,14759.0,clinician_6,17
12241_left.png,1,1,0,0.613,1,1,14143.0,clinician_6,17
12128_right.png,0,0,0,0.6769,1,1,10631.0,clinician_6,17
11322_right.png,1,1,1,0.5762,1,1,17385.0,clinician_6,17
10812_left.png,1,1,1,0.7033,1,1,10097.0,clinician_6,17
10618_left.png,0,0,0,0.665,1,0,17192.0,clinician_6,17
1034_right.png,2,1,0,0.5214,1,0,9797.0,clinician_6,17
10232_right.png,1,1,1,0.5973,1,0,12522.0,clinician_6,17
